Timestamp, EPC, TID, Antenna, RSSI, Frequency, Hostname, PhaseAngle, DopplerFrequency, CRHandle
2025-02-23T12:59:16.6054340+05:30,588,,1,-60,902.75,SpeedwayR-12-A2-33,7.315838147,,1
2025-02-23T12:59:16.6093260+05:30,588,,1,-60.5,902.75,SpeedwayR-12-A2-33,7.297430377,,2
2025-02-23T12:59:16.6458940+05:30,588,,1,-60,902.75,SpeedwayR-12-A2-33,7.469236225,,3
2025-02-23T12:59:16.6503530+05:30,588,,1,-60.5,902.75,SpeedwayR-12-A2-33,7.493779918,,4
2025-02-23T12:59:16.6838110+05:30,588,,1,-60,902.75,SpeedwayR-12-A2-33,7.579682842,,5
2025-02-23T12:59:16.6895160+05:30,588,,1,-60,902.75,SpeedwayR-12-A2-33,7.475372149,,6
2025-02-23T12:59:16.7228060+05:30,588,,1,-60.5,902.75,SpeedwayR-12-A2-33,7.55513915,,7
2025-02-23T12:59:16.7269070+05:30,588,,1,-60.5,902.75,SpeedwayR-12-A2-33,7.542867303,,8
2025-02-23T12:59:16.7636610+05:30,588,,1,-60,902.75,SpeedwayR-12-A2-33,7.65331392,,9
2025-02-23T12:59:16.7677090+05:30,588,,1,-60.5,902.75,SpeedwayR-12-A2-33,7.65331392,,10
2025-02-23T12:59:16.8095840+05:30,588,,1,-58.5,902.75,SpeedwayR-12-A2-33,7.90144704,,11
2025-02-23T12:59:16.8117840+05:30,588,,1,-58.5,902.75,SpeedwayR-12-A2-33,7.895311117,,12
2025-02-23T12:59:16.8473580+05:30,588,,1,-58.5,902.75,SpeedwayR-12-A2-33,7.895311117,,13
2025-02-23T12:59:16.8533040+05:30,588,,1,-58.5,902.75,SpeedwayR-12-A2-33,7.962806271,,14
2025-02-23T12:59:16.8876260+05:30,588,,1,-57.5,902.75,SpeedwayR-12-A2-33,7.987349964,,15
2025-02-23T12:59:16.8925200+05:30,588,,1,-58,902.75,SpeedwayR-12-A2-33,7.975078118,,16
2025-02-23T12:59:16.9288310+05:30,588,,1,-57.5,902.75,SpeedwayR-12-A2-33,8.073252888,,17
2025-02-23T12:59:16.9339880+05:30,588,,1,-57.5,902.75,SpeedwayR-12-A2-33,8.042573272,,18
2025-02-23T12:59:16.9672590+05:30,588,,1,-57.5,902.75,SpeedwayR-12-A2-33,8.159155812,,19
2025-02-23T12:59:16.9722700+05:30,588,,1,-57.5,902.75,SpeedwayR-12-A2-33,8.122340273,,20
2025-02-23T12:59:17.0146960+05:30,588,,1,-59.5,902.75,SpeedwayR-12-A2-33,1.821869091,,21
2025-02-23T12:59:17.0186870+05:30,588,,1,-59,902.75,SpeedwayR-12-A2-33,1.883228323,,22
2025-02-23T12:59:17.0546450+05:30,588,,1,-59.5,902.75,SpeedwayR-12-A2-33,1.85868463,,23
2025-02-23T12:59:17.0583770+05:30,588,,1,-59.5,902.75,SpeedwayR-12-A2-33,1.8770924,,24
2025-02-23T12:59:17.0942040+05:30,588,,1,-59.5,902.75,SpeedwayR-12-A2-33,1.920043862,,25
2025-02-23T12:59:17.0964020+05:30,588,,1,-59.5,902.75,SpeedwayR-12-A2-33,1.932315708,,26
2025-02-23T12:59:17.1317780+05:30,588,,1,-59,902.75,SpeedwayR-12-A2-33,1.981403093,,27
2025-02-23T12:59:17.1357510+05:30,588,,1,-59,902.75,SpeedwayR-12-A2-33,2.005946786,,28
2025-02-23T12:59:17.1736390+05:30,588,,1,-59,902.75,SpeedwayR-12-A2-33,2.067306017,,29
2025-02-23T12:59:17.1770330+05:30,588,,1,-59,902.75,SpeedwayR-12-A2-33,1.969131247,,30
2025-02-23T12:59:17.2186570+05:30,588,,1,-58.5,902.75,SpeedwayR-12-A2-33,2.063988014,,31
2025-02-23T12:59:17.2227030+05:30,588,,1,-58.5,902.75,SpeedwayR-12-A2-33,1.984221013,,32
2025-02-23T12:59:17.2581270+05:30,588,,1,-58.5,902.75,SpeedwayR-12-A2-33,2.051716167,,33
2025-02-23T12:59:17.2621560+05:30,588,,1,-57,902.75,SpeedwayR-12-A2-33,2.082395783,,34
2025-02-23T12:59:17.2983690+05:30,588,,1,-58.5,902.75,SpeedwayR-12-A2-33,2.162162784,,35
2025-02-23T12:59:17.3021100+05:30,588,,1,-58.5,902.75,SpeedwayR-12-A2-33,2.168298707,,36
2025-02-23T12:59:17.3375960+05:30,588,,1,-58.5,902.75,SpeedwayR-12-A2-33,2.168298707,,37
2025-02-23T12:59:17.3406810+05:30,588,,1,-58.5,902.75,SpeedwayR-12-A2-33,2.180570553,,38
2025-02-23T12:59:17.3757620+05:30,588,,1,-58.5,902.75,SpeedwayR-12-A2-33,2.17443463,,39
2025-02-23T12:59:17.3796470+05:30,588,,1,-58.5,902.75,SpeedwayR-12-A2-33,2.248065708,,40
2025-02-23T12:59:17.4229610+05:30,588,,1,-58.5,902.75,SpeedwayR-12-A2-33,2.291517255,,41
2025-02-23T12:59:17.4272220+05:30,588,,1,-58.5,902.75,SpeedwayR-12-A2-33,2.414235718,,42
2025-02-23T12:59:17.4629010+05:30,588,,1,-58.5,902.75,SpeedwayR-12-A2-33,2.451051257,,43
2025-02-23T12:59:17.4658510+05:30,588,,1,-58.5,902.75,SpeedwayR-12-A2-33,2.512410488,,44
2025-02-23T12:59:17.5011520+05:30,588,,1,-58.5,902.75,SpeedwayR-12-A2-33,2.45718718,,45
2025-02-23T12:59:17.5047770+05:30,588,,1,-58.5,902.75,SpeedwayR-12-A2-33,2.487866796,,46
2025-02-23T12:59:17.5405930+05:30,588,,1,-58.5,902.75,SpeedwayR-12-A2-33,2.518546411,,47
2025-02-23T12:59:17.5443350+05:30,588,,1,-58.5,902.75,SpeedwayR-12-A2-33,2.549226027,,48
2025-02-23T12:59:17.5804330+05:30,588,,1,-58.5,902.75,SpeedwayR-12-A2-33,2.684216336,,49
2025-02-23T12:59:17.5844220+05:30,588,,1,-58,902.75,SpeedwayR-12-A2-33,2.641264874,,50
2025-02-23T12:59:17.6180960+05:30,588,,1,-58.5,902.75,SpeedwayR-12-A2-33,2.641264874,,51
2025-02-23T12:59:17.6309500+05:30,588,,1,-54.5,902.75,SpeedwayR-12-A2-33,8.980430208,,52
2025-02-23T12:59:17.6665100+05:30,588,,1,-55,902.75,SpeedwayR-12-A2-33,9.035653516,,53
2025-02-23T12:59:17.6701260+05:30,588,,1,-55,902.75,SpeedwayR-12-A2-33,9.072469055,,54
2025-02-23T12:59:17.7058060+05:30,588,,1,-55,902.75,SpeedwayR-12-A2-33,9.103148671,,55
2025-02-23T12:59:17.7105980+05:30,588,,1,-55,902.75,SpeedwayR-12-A2-33,9.109284594,,56
2025-02-23T12:59:17.7439650+05:30,588,,1,-54.5,902.75,SpeedwayR-12-A2-33,9.176779749,,57
2025-02-23T12:59:17.7484960+05:30,588,,1,-54.5,902.75,SpeedwayR-12-A2-33,9.219731211,,58
2025-02-23T12:59:17.7865180+05:30,588,,1,-55,902.75,SpeedwayR-12-A2-33,9.244274904,,59
2025-02-23T12:59:17.7889760+05:30,588,,1,-55,902.75,SpeedwayR-12-A2-33,9.232003057,,60
2025-02-23T12:59:17.8324660+05:30,588,,1,-58,902.75,SpeedwayR-12-A2-33,2.817767255,,61
2025-02-23T12:59:17.8369200+05:30,588,,1,-57.5,902.75,SpeedwayR-12-A2-33,2.842310947,,62
2025-02-23T12:59:17.8714430+05:30,588,,1,-57.5,902.75,SpeedwayR-12-A2-33,2.909806102,,63
2025-02-23T12:59:17.8757740+05:30,588,,1,-57.5,902.75,SpeedwayR-12-A2-33,2.909806102,,64
2025-02-23T12:59:17.9118500+05:30,588,,1,-57.5,902.75,SpeedwayR-12-A2-33,2.971165334,,65
2025-02-23T12:59:17.9154990+05:30,588,,1,-57.5,902.75,SpeedwayR-12-A2-33,2.915942025,,66
2025-02-23T12:59:17.9510310+05:30,588,,1,-57.5,902.75,SpeedwayR-12-A2-33,3.032524565,,67
2025-02-23T12:59:17.9570130+05:30,588,,1,-58,902.75,SpeedwayR-12-A2-33,3.020252719,,68
2025-02-23T12:59:17.9922050+05:30,588,,1,-58,902.75,SpeedwayR-12-A2-33,3.075476027,,69
2025-02-23T12:59:17.9957990+05:30,588,,1,-58,902.75,SpeedwayR-12-A2-33,3.118427489,,70
2025-02-23T12:59:18.0367080+05:30,588,,1,-55.5,902.75,SpeedwayR-12-A2-33,3.302883543,,71
2025-02-23T12:59:18.0416300+05:30,588,,1,-57,902.75,SpeedwayR-12-A2-33,3.302883543,,72
2025-02-23T12:59:18.0759350+05:30,588,,1,-56.5,902.75,SpeedwayR-12-A2-33,3.345835005,,73
2025-02-23T12:59:18.0804540+05:30,588,,1,-56.5,902.75,SpeedwayR-12-A2-33,3.315155389,,74
2025-02-23T12:59:18.1159450+05:30,588,,1,-56.5,902.75,SpeedwayR-12-A2-33,3.364242774,,75
2025-02-23T12:59:18.1206420+05:30,588,,1,-56.5,902.75,SpeedwayR-12-A2-33,3.376514621,,76
2025-02-23T12:59:18.1538920+05:30,588,,1,-56,902.75,SpeedwayR-12-A2-33,3.382650544,,77
2025-02-23T12:59:18.1598410+05:30,588,,1,-56.5,902.75,SpeedwayR-12-A2-33,3.425602006,,78
2025-02-23T12:59:18.1953030+05:30,588,,1,-56.5,902.75,SpeedwayR-12-A2-33,3.456281622,,79
2025-02-23T12:59:18.1993270+05:30,588,,1,-56,902.75,SpeedwayR-12-A2-33,3.474689391,,80
2025-02-23T12:59:18.2421650+05:30,588,,1,-57,902.75,SpeedwayR-12-A2-33,3.427541481,,81
2025-02-23T12:59:18.2442590+05:30,588,,1,-57,902.75,SpeedwayR-12-A2-33,3.458221097,,82
2025-02-23T12:59:18.2799790+05:30,588,,1,-57,902.75,SpeedwayR-12-A2-33,3.531852175,,83
2025-02-23T12:59:18.2833790+05:30,588,,1,-56.5,902.75,SpeedwayR-12-A2-33,3.48276479,,84
2025-02-23T12:59:18.3195030+05:30,588,,1,-56.5,902.75,SpeedwayR-12-A2-33,3.611619176,,85
2025-02-23T12:59:18.3241140+05:30,588,,1,-57,902.75,SpeedwayR-12-A2-33,3.587075483,,86
2025-02-23T12:59:18.3586730+05:30,588,,1,-56.5,902.75,SpeedwayR-12-A2-33,3.611619176,,87
2025-02-23T12:59:18.3643230+05:30,588,,1,-56.5,902.75,SpeedwayR-12-A2-33,3.654570638,,88
2025-02-23T12:59:18.3972280+05:30,588,,1,-56.5,902.75,SpeedwayR-12-A2-33,3.679114331,,89
2025-02-23T12:59:18.4018370+05:30,588,,1,-56.5,902.75,SpeedwayR-12-A2-33,3.691386177,,90
2025-02-23T12:59:18.4448190+05:30,588,,1,-55.5,902.75,SpeedwayR-12-A2-33,3.84710209,,91
2025-02-23T12:59:18.4488580+05:30,588,,1,-55.5,902.75,SpeedwayR-12-A2-33,3.84710209,,92
2025-02-23T12:59:18.4844870+05:30,588,,1,-55,902.75,SpeedwayR-12-A2-33,3.859373937,,93
2025-02-23T12:59:18.4887020+05:30,588,,1,-55,902.75,SpeedwayR-12-A2-33,3.902325399,,94
2025-02-23T12:59:18.5234970+05:30,588,,1,-55,902.75,SpeedwayR-12-A2-33,3.926869091,,95
2025-02-23T12:59:18.5273790+05:30,588,,1,-55,902.75,SpeedwayR-12-A2-33,3.939140938,,96
2025-02-23T12:59:18.5643970+05:30,588,,1,-55.5,902.75,SpeedwayR-12-A2-33,3.994364246,,97
2025-02-23T12:59:18.5663180+05:30,588,,1,-55,902.75,SpeedwayR-12-A2-33,3.994364246,,98
2025-02-23T12:59:18.6033060+05:30,588,,1,-55,902.75,SpeedwayR-12-A2-33,4.049587554,,99
2025-02-23T12:59:18.6062580+05:30,588,,1,-55,902.75,SpeedwayR-12-A2-33,4.049587554,,100
2025-02-23T12:59:18.6493070+05:30,588,,1,-54,902.75,SpeedwayR-12-A2-33,4.294085174,,101
2025-02-23T12:59:18.6525320+05:30,588,,1,-55.5,902.75,SpeedwayR-12-A2-33,4.171366711,,102
2025-02-23T12:59:18.6899740+05:30,588,,1,-55,902.75,SpeedwayR-12-A2-33,4.214318173,,103
2025-02-23T12:59:18.6935330+05:30,588,,1,-55.5,902.75,SpeedwayR-12-A2-33,4.257269635,,104
2025-02-23T12:59:18.7279910+05:30,588,,1,-55,902.75,SpeedwayR-12-A2-33,4.330900713,,105
2025-02-23T12:59:18.7325800+05:30,588,,1,-55.5,902.75,SpeedwayR-12-A2-33,4.312492944,,106
2025-02-23T12:59:18.7689610+05:30,588,,1,-55,902.75,SpeedwayR-12-A2-33,4.367716252,,107
2025-02-23T12:59:18.7731010+05:30,588,,1,-55,902.75,SpeedwayR-12-A2-33,4.386124021,,108
2025-02-23T12:59:18.8089790+05:30,588,,1,-54.5,902.75,SpeedwayR-12-A2-33,4.355444406,,109
2025-02-23T12:59:18.8124090+05:30,588,,1,-55.5,902.75,SpeedwayR-12-A2-33,4.459755099,,110
2025-02-23T12:59:18.8561480+05:30,588,,1,-55.5,902.75,SpeedwayR-12-A2-33,4.495631332,,111
2025-02-23T12:59:18.8588580+05:30,588,,1,-55.5,902.75,SpeedwayR-12-A2-33,4.544718717,,112
2025-02-23T12:59:18.8959490+05:30,588,,1,-55.5,902.75,SpeedwayR-12-A2-33,4.556990563,,113
2025-02-23T12:59:18.8987860+05:30,588,,1,-55,902.75,SpeedwayR-12-A2-33,4.606077948,,114
2025-02-23T12:59:18.9348680+05:30,588,,1,-55,902.75,SpeedwayR-12-A2-33,4.655165334,,115
2025-02-23T12:59:18.9384970+05:30,588,,1,-55.5,902.75,SpeedwayR-12-A2-33,4.624485718,,116
2025-02-23T12:59:18.9740780+05:30,588,,1,-55.5,902.75,SpeedwayR-12-A2-33,4.685844949,,117
2025-02-23T12:59:18.9772920+05:30,588,,1,-55.5,902.75,SpeedwayR-12-A2-33,4.679709026,,118
2025-02-23T12:59:19.0137240+05:30,588,,1,-55.5,902.75,SpeedwayR-12-A2-33,4.741068258,,119
2025-02-23T12:59:19.0166720+05:30,588,,1,-55.5,902.75,SpeedwayR-12-A2-33,4.728796411,,120
2025-02-23T12:59:19.0586890+05:30,588,,1,-55.5,902.75,SpeedwayR-12-A2-33,4.789216336,,121
2025-02-23T12:59:19.0628490+05:30,588,,1,-55.5,902.75,SpeedwayR-12-A2-33,4.826031875,,122
2025-02-23T12:59:19.0988490+05:30,588,,1,-55,902.75,SpeedwayR-12-A2-33,4.826031875,,123
2025-02-23T12:59:19.1022040+05:30,588,,1,-55.5,902.75,SpeedwayR-12-A2-33,4.862847414,,124
2025-02-23T12:59:19.1383980+05:30,588,,1,-55,902.75,SpeedwayR-12-A2-33,4.881255184,,125
2025-02-23T12:59:19.1404870+05:30,588,,1,-55,902.75,SpeedwayR-12-A2-33,4.89352703,,126
2025-02-23T12:59:19.1771110+05:30,588,,1,-55,902.75,SpeedwayR-12-A2-33,4.967158108,,127
2025-02-23T12:59:19.1813990+05:30,588,,1,-55,902.75,SpeedwayR-12-A2-33,4.979429954,,128
2025-02-23T12:59:19.2166480+05:30,588,,1,-55,902.75,SpeedwayR-12-A2-33,5.034653263,,129
2025-02-23T12:59:19.2201290+05:30,588,,1,-55,902.75,SpeedwayR-12-A2-33,5.034653263,,130
2025-02-23T12:59:19.2621920+05:30,588,,1,-52,902.75,SpeedwayR-12-A2-33,5.21535209,,131
2025-02-23T12:59:19.2664530+05:30,588,,1,-52.5,902.75,SpeedwayR-12-A2-33,5.203080244,,132
2025-02-23T12:59:19.3014210+05:30,588,,1,-52,902.75,SpeedwayR-12-A2-33,5.270575399,,133
2025-02-23T12:59:19.3052920+05:30,588,,1,-52,902.75,SpeedwayR-12-A2-33,5.288983168,,134
2025-02-23T12:59:19.3416950+05:30,588,,1,-52,902.75,SpeedwayR-12-A2-33,5.338070553,,135
2025-02-23T12:59:19.3457050+05:30,588,,1,-52,902.75,SpeedwayR-12-A2-33,5.33193463,,136
2025-02-23T12:59:19.3806530+05:30,588,,1,-51.5,902.75,SpeedwayR-12-A2-33,5.362614246,,137
2025-02-23T12:59:19.3850580+05:30,588,,1,-51.5,902.75,SpeedwayR-12-A2-33,5.368750169,,138
2025-02-23T12:59:19.4201940+05:30,588,,1,-51.5,902.75,SpeedwayR-12-A2-33,5.417837554,,139
2025-02-23T12:59:19.4234160+05:30,588,,1,-51.5,902.75,SpeedwayR-12-A2-33,5.44851717,,140
2025-02-23T12:59:19.4661330+05:30,588,,1,-52,902.75,SpeedwayR-12-A2-33,5.49384733,,141
2025-02-23T12:59:19.4707250+05:30,588,,1,-52,902.75,SpeedwayR-12-A2-33,5.487711407,,142
2025-02-23T12:59:19.5058770+05:30,588,,1,-52,902.75,SpeedwayR-12-A2-33,5.530662869,,143
2025-02-23T12:59:19.5103810+05:30,588,,1,-51.5,902.75,SpeedwayR-12-A2-33,5.542934715,,144
2025-02-23T12:59:19.5439530+05:30,588,,1,-51.5,902.75,SpeedwayR-12-A2-33,5.598158023,,145
2025-02-23T12:59:19.5495090+05:30,588,,1,-51.5,902.75,SpeedwayR-12-A2-33,5.720876486,,146
2025-02-23T12:59:19.5835080+05:30,588,,1,-51.5,902.75,SpeedwayR-12-A2-33,5.622701716,,147
2025-02-23T12:59:19.5888570+05:30,588,,1,-51.5,902.75,SpeedwayR-12-A2-33,5.634973562,,148
2025-02-23T12:59:19.6241080+05:30,588,,1,-51.5,902.75,SpeedwayR-12-A2-33,5.671789101,,149
2025-02-23T12:59:19.6269220+05:30,588,,1,-51.5,902.75,SpeedwayR-12-A2-33,5.634973562,,150
2025-02-23T12:59:19.6708120+05:30,588,,1,-54.5,902.75,SpeedwayR-12-A2-33,5.626580667,,151
2025-02-23T12:59:19.6741610+05:30,588,,1,-54.5,902.75,SpeedwayR-12-A2-33,5.63271659,,152
2025-02-23T12:59:19.7085560+05:30,588,,1,-54.5,902.75,SpeedwayR-12-A2-33,5.687939899,,153
2025-02-23T12:59:19.7122930+05:30,588,,1,-54.5,902.75,SpeedwayR-12-A2-33,5.712483591,,154
2025-02-23T12:59:19.7488400+05:30,588,,1,-54.5,902.75,SpeedwayR-12-A2-33,5.7677069,,155
2025-02-23T12:59:19.7520640+05:30,588,,1,-54.5,902.75,SpeedwayR-12-A2-33,5.792250592,,156
2025-02-23T12:59:19.7877120+05:30,588,,1,-54.5,902.75,SpeedwayR-12-A2-33,5.847473901,,157
2025-02-23T12:59:19.7926550+05:30,588,,1,-54.5,902.75,SpeedwayR-12-A2-33,5.835202054,,158
2025-02-23T12:59:19.8256500+05:30,588,,1,-54.5,902.75,SpeedwayR-12-A2-33,5.896561286,,159
2025-02-23T12:59:19.8306110+05:30,588,,1,-54.5,902.75,SpeedwayR-12-A2-33,5.908833132,,160
2025-02-23T12:59:19.8651570+05:30,588,,1,-54.5,902.75,SpeedwayR-12-A2-33,5.951784594,,161
2025-02-23T12:59:19.8761790+05:30,588,,1,-53.5,902.75,SpeedwayR-12-A2-33,6.089092738,,162
2025-02-23T12:59:19.9127520+05:30,588,,1,-54,902.75,SpeedwayR-12-A2-33,6.156587893,,163
2025-02-23T12:59:19.9162170+05:30,588,,1,-53.5,902.75,SpeedwayR-12-A2-33,6.138180123,,164
2025-02-23T12:59:19.9504390+05:30,588,,1,-54,902.75,SpeedwayR-12-A2-33,6.217947124,,165
2025-02-23T12:59:19.9555770+05:30,588,,1,-54,902.75,SpeedwayR-12-A2-33,6.230218971,,166
2025-02-23T12:59:19.9899820+05:30,588,,1,-54,902.75,SpeedwayR-12-A2-33,6.260898586,,167
2025-02-23T12:59:19.9943460+05:30,588,,1,-53.5,902.75,SpeedwayR-12-A2-33,6.322257818,,168
2025-02-23T12:59:20.0298670+05:30,588,,1,-53.5,902.75,SpeedwayR-12-A2-33,6.303850049,,169
2025-02-23T12:59:20.0325180+05:30,588,,1,-53.5,902.75,SpeedwayR-12-A2-33,6.297714125,,170
2025-02-23T12:59:20.0680550+05:30,588,,1,-53.5,902.75,SpeedwayR-12-A2-33,6.346801511,,171
2025-02-23T12:59:20.0800710+05:30,588,,1,-52,902.75,SpeedwayR-12-A2-33,6.421811117,,172
2025-02-23T12:59:20.1159090+05:30,588,,1,-51.5,902.75,SpeedwayR-12-A2-33,6.483170348,,173
2025-02-23T12:59:20.1180660+05:30,588,,1,-51.5,902.75,SpeedwayR-12-A2-33,6.452490732,,174
2025-02-23T12:59:20.1536830+05:30,588,,1,-51.5,902.75,SpeedwayR-12-A2-33,6.507714041,,175
2025-02-23T12:59:20.1584390+05:30,588,,1,-51.5,902.75,SpeedwayR-12-A2-33,6.477034425,,176
2025-02-23T12:59:20.1928010+05:30,588,,1,-51,902.75,SpeedwayR-12-A2-33,6.52612181,,177
2025-02-23T12:59:20.1984880+05:30,588,,1,-51.5,902.75,SpeedwayR-12-A2-33,6.550665503,,178
2025-02-23T12:59:20.2338940+05:30,588,,1,-51,902.75,SpeedwayR-12-A2-33,6.593616965,,179
2025-02-23T12:59:20.2368350+05:30,588,,1,-51,902.75,SpeedwayR-12-A2-33,6.599752888,,180
2025-02-23T12:59:20.2735990+05:30,588,,1,-50.5,902.75,SpeedwayR-12-A2-33,6.636568427,,181
2025-02-23T12:59:20.2833990+05:30,588,,1,-48.5,902.75,SpeedwayR-12-A2-33,6.591677489,,182
2025-02-23T12:59:20.3200000+05:30,588,,1,-48,902.75,SpeedwayR-12-A2-33,6.585541566,,183
2025-02-23T12:59:20.3233380+05:30,588,,1,-48,902.75,SpeedwayR-12-A2-33,6.548726027,,184
2025-02-23T12:59:20.3579140+05:30,588,,1,-48,902.75,SpeedwayR-12-A2-33,6.603949336,,185
2025-02-23T12:59:20.3633440+05:30,588,,1,-48,902.75,SpeedwayR-12-A2-33,6.603949336,,186
2025-02-23T12:59:20.3993950+05:30,588,,1,-48,902.75,SpeedwayR-12-A2-33,6.659172644,,187
2025-02-23T12:59:20.4011980+05:30,588,,1,-47.5,902.75,SpeedwayR-12-A2-33,6.646900798,,188
2025-02-23T12:59:20.4370830+05:30,588,,1,-48,902.75,SpeedwayR-12-A2-33,6.677580413,,189
2025-02-23T12:59:20.4412990+05:30,588,,1,-48,902.75,SpeedwayR-12-A2-33,6.683716336,,190
2025-02-23T12:59:20.4766700+05:30,588,,1,-47.5,902.75,SpeedwayR-12-A2-33,6.763483337,,191
2025-02-23T12:59:20.4886580+05:30,588,,1,-51.5,902.75,SpeedwayR-12-A2-33,6.785770058,,192
2025-02-23T12:59:20.5228670+05:30,588,,1,-51,902.75,SpeedwayR-12-A2-33,6.822585597,,193
2025-02-23T12:59:20.5273660+05:30,588,,1,-51.5,902.75,SpeedwayR-12-A2-33,6.810313751,,194
2025-02-23T12:59:20.5627570+05:30,588,,1,-51,902.75,SpeedwayR-12-A2-33,6.82872152,,195
2025-02-23T12:59:20.5668490+05:30,588,,1,-51,902.75,SpeedwayR-12-A2-33,6.834857443,,196
2025-02-23T12:59:20.6022010+05:30,588,,1,-51,902.75,SpeedwayR-12-A2-33,6.877808905,,197
2025-02-23T12:59:20.6044000+05:30,588,,1,-51,902.75,SpeedwayR-12-A2-33,6.865537059,,198
2025-02-23T12:59:20.6416450+05:30,588,,1,-51,902.75,SpeedwayR-12-A2-33,6.902352598,,199
2025-02-23T12:59:20.6452380+05:30,588,,1,-51,902.75,SpeedwayR-12-A2-33,6.920760368,,200
2025-02-23T12:59:20.6808310+05:30,588,,1,-51,902.75,SpeedwayR-12-A2-33,6.926896291,,201
2025-02-23T12:59:20.6911290+05:30,588,,1,-51,902.75,SpeedwayR-12-A2-33,6.94104675,,202
2025-02-23T12:59:20.7276380+05:30,588,,1,-51,902.75,SpeedwayR-12-A2-33,6.953318596,,203
2025-02-23T12:59:20.7311280+05:30,588,,1,-51,902.75,SpeedwayR-12-A2-33,6.959454519,,204
2025-02-23T12:59:20.7651060+05:30,588,,1,-50.5,902.75,SpeedwayR-12-A2-33,6.990134135,,205
2025-02-23T12:59:20.7704750+05:30,588,,1,-51,902.75,SpeedwayR-12-A2-33,7.008541905,,206
2025-02-23T12:59:20.8043480+05:30,588,,1,-50.5,902.75,SpeedwayR-12-A2-33,7.051493367,,207
2025-02-23T12:59:20.8079750+05:30,588,,1,-50.5,902.75,SpeedwayR-12-A2-33,7.045357443,,208
2025-02-23T12:59:20.8445410+05:30,588,,1,-50,902.75,SpeedwayR-12-A2-33,7.076037059,,209
2025-02-23T12:59:20.8490400+05:30,588,,1,-50.5,902.75,SpeedwayR-12-A2-33,7.100580752,,210
2025-02-23T12:59:20.8872120+05:30,588,,1,-50,902.75,SpeedwayR-12-A2-33,7.118988521,,211
2025-02-23T12:59:20.8970180+05:30,588,,1,-45,902.75,SpeedwayR-12-A2-33,6.972543946,,212
2025-02-23T12:59:20.9341940+05:30,588,,1,-45,902.75,SpeedwayR-12-A2-33,6.990951716,,213
2025-02-23T12:59:20.9381760+05:30,588,,1,-45,902.75,SpeedwayR-12-A2-33,7.009359485,,214
2025-02-23T12:59:20.9731200+05:30,588,,1,-44.5,902.75,SpeedwayR-12-A2-33,7.015495408,,215
2025-02-23T12:59:20.9768600+05:30,588,,1,-44.5,902.75,SpeedwayR-12-A2-33,7.027767255,,216
2025-02-23T12:59:21.0132860+05:30,588,,1,-44.5,902.75,SpeedwayR-12-A2-33,7.052310947,,217
2025-02-23T12:59:21.0168610+05:30,588,,1,-44.5,902.75,SpeedwayR-12-A2-33,7.058446871,,218
2025-02-23T12:59:21.0528110+05:30,588,,1,-44.5,902.75,SpeedwayR-12-A2-33,7.082990563,,219
2025-02-23T12:59:21.0560040+05:30,588,,1,-44.5,902.75,SpeedwayR-12-A2-33,7.089126486,,220
2025-02-23T12:59:21.0908940+05:30,588,,1,-44.5,902.75,SpeedwayR-12-A2-33,7.132077948,,221
2025-02-23T12:59:21.1028720+05:30,588,,1,-44,902.75,SpeedwayR-12-A2-33,7.120745408,,222
2025-02-23T12:59:21.1365200+05:30,588,,1,-44,902.75,SpeedwayR-12-A2-33,7.145289101,,223
2025-02-23T12:59:21.1411380+05:30,588,,1,-44,902.75,SpeedwayR-12-A2-33,7.151425024,,224
2025-02-23T12:59:21.1771570+05:30,588,,1,-44,902.75,SpeedwayR-12-A2-33,7.188240563,,225
2025-02-23T12:59:21.1802120+05:30,588,,1,-44,902.75,SpeedwayR-12-A2-33,7.194376486,,226
2025-02-23T12:59:21.2156640+05:30,588,,1,-44,902.75,SpeedwayR-12-A2-33,7.225056102,,227
2025-02-23T12:59:21.2216140+05:30,588,,1,-44,902.75,SpeedwayR-12-A2-33,7.255735718,,228
2025-02-23T12:59:21.2567870+05:30,588,,1,-44,902.75,SpeedwayR-12-A2-33,7.261871641,,229
2025-02-23T12:59:21.2593560+05:30,588,,1,-44,902.75,SpeedwayR-12-A2-33,7.28027941,,230
2025-02-23T12:59:21.3041860+05:30,588,,1,-45.5,902.75,SpeedwayR-12-A2-33,7.498854809,,231
2025-02-23T12:59:21.3083740+05:30,588,,1,-45.5,902.75,SpeedwayR-12-A2-33,7.498854809,,232
2025-02-23T12:59:21.3449500+05:30,588,,1,-45.5,902.75,SpeedwayR-12-A2-33,7.523398502,,233
2025-02-23T12:59:21.3497850+05:30,588,,1,-45.5,902.75,SpeedwayR-12-A2-33,7.529534425,,234
2025-02-23T12:59:21.3840820+05:30,588,,1,-45.5,902.75,SpeedwayR-12-A2-33,7.560214041,,235
2025-02-23T12:59:21.3883410+05:30,588,,1,-45.5,902.75,SpeedwayR-12-A2-33,7.560214041,,236
2025-02-23T12:59:21.4233040+05:30,588,,1,-45,902.75,SpeedwayR-12-A2-33,7.59702958,,237
2025-02-23T12:59:21.4275320+05:30,588,,1,-45,902.75,SpeedwayR-12-A2-33,7.590893656,,238
2025-02-23T12:59:21.4633620+05:30,588,,1,-45,902.75,SpeedwayR-12-A2-33,7.658388811,,239
2025-02-23T12:59:21.4672400+05:30,588,,1,-45,902.75,SpeedwayR-12-A2-33,7.652252888,,240
2025-02-23T12:59:21.5086250+05:30,588,,1,-46.5,902.75,SpeedwayR-12-A2-33,7.754245747,,241
2025-02-23T12:59:21.5121770+05:30,588,,1,-46.5,902.75,SpeedwayR-12-A2-33,7.821740902,,242
2025-02-23T12:59:21.5478680+05:30,588,,1,-47,902.75,SpeedwayR-12-A2-33,7.809469055,,243
2025-02-23T12:59:21.5509650+05:30,588,,1,-47,902.75,SpeedwayR-12-A2-33,7.821740902,,244
2025-02-23T12:59:21.5860140+05:30,588,,1,-47,902.75,SpeedwayR-12-A2-33,7.883100133,,245
2025-02-23T12:59:21.5903430+05:30,588,,1,-47,902.75,SpeedwayR-12-A2-33,7.883100133,,246
2025-02-23T12:59:21.6267750+05:30,588,,1,-47,902.75,SpeedwayR-12-A2-33,7.901507903,,247
2025-02-23T12:59:21.6306600+05:30,588,,1,-47,902.75,SpeedwayR-12-A2-33,7.907643826,,248
2025-02-23T12:59:21.6662300+05:30,588,,1,-47,902.75,SpeedwayR-12-A2-33,7.962867134,,249
2025-02-23T12:59:21.6699640+05:30,588,,1,-47,902.75,SpeedwayR-12-A2-33,7.956731211,,250
2025-02-23T12:59:21.7125430+05:30,588,,1,-45.5,902.75,SpeedwayR-12-A2-33,7.975578202,,251
2025-02-23T12:59:21.7150730+05:30,588,,1,-45.5,902.75,SpeedwayR-12-A2-33,7.963306356,,252
2025-02-23T12:59:21.7517020+05:30,588,,1,-45.5,902.75,SpeedwayR-12-A2-33,8.006257818,,253
2025-02-23T12:59:21.7561200+05:30,588,,1,-45.5,902.75,SpeedwayR-12-A2-33,8.000121895,,254
2025-02-23T12:59:21.7909930+05:30,588,,1,-45,902.75,SpeedwayR-12-A2-33,8.055345203,,255
2025-02-23T12:59:21.7943410+05:30,588,,1,-45,902.75,SpeedwayR-12-A2-33,8.043073357,,256
2025-02-23T12:59:21.8288870+05:30,588,,1,-45,902.75,SpeedwayR-12-A2-33,8.098296665,,257
2025-02-23T12:59:21.8345870+05:30,588,,1,-45,902.75,SpeedwayR-12-A2-33,8.092160742,,258
2025-02-23T12:59:21.8689710+05:30,588,,1,-45,902.75,SpeedwayR-12-A2-33,8.14738405,,259
2025-02-23T12:59:21.8740130+05:30,588,,1,-45,902.75,SpeedwayR-12-A2-33,8.141248127,,260
2025-02-23T12:59:21.9083550+05:30,588,,1,-45,902.75,SpeedwayR-12-A2-33,8.178063666,,261
2025-02-23T12:59:21.9204520+05:30,588,,1,-46,902.75,SpeedwayR-12-A2-33,8.229529749,,262
2025-02-23T12:59:21.9545680+05:30,588,,1,-46,902.75,SpeedwayR-12-A2-33,8.241801595,,263
2025-02-23T12:59:21.9578420+05:30,588,,1,-46,902.75,SpeedwayR-12-A2-33,8.241801595,,264
2025-02-23T12:59:21.9954860+05:30,588,,1,-46,902.75,SpeedwayR-12-A2-33,8.278617134,,265
2025-02-23T12:59:21.9973620+05:30,588,,1,-46,902.75,SpeedwayR-12-A2-33,8.272481211,,266
2025-02-23T12:59:22.0335130+05:30,588,,1,-46,902.75,SpeedwayR-12-A2-33,8.339976366,,267
2025-02-23T12:59:22.0363730+05:30,588,,1,-45.5,902.75,SpeedwayR-12-A2-33,8.346112289,,268
2025-02-23T12:59:22.0725070+05:30,588,,1,-45.5,902.75,SpeedwayR-12-A2-33,8.364520058,,269
2025-02-23T12:59:22.0762520+05:30,588,,1,-45.5,902.75,SpeedwayR-12-A2-33,8.358384135,,270
2025-02-23T12:59:22.1114600+05:30,588,,1,-45.5,902.75,SpeedwayR-12-A2-33,8.40747152,,271
2025-02-23T12:59:22.1227650+05:30,588,,1,-48,902.75,SpeedwayR-12-A2-33,2.189024311,,272
2025-02-23T12:59:22.1577990+05:30,588,,1,-47.5,902.75,SpeedwayR-12-A2-33,2.219703927,,273
2025-02-23T12:59:22.1636470+05:30,588,,1,-47.5,902.75,SpeedwayR-12-A2-33,2.24424762,,274
2025-02-23T12:59:22.1969220+05:30,588,,1,-47.5,902.75,SpeedwayR-12-A2-33,2.268791312,,275
2025-02-23T12:59:22.2019420+05:30,588,,1,-47.5,902.75,SpeedwayR-12-A2-33,2.274927235,,276
2025-02-23T12:59:22.2374400+05:30,588,,1,-47.5,902.75,SpeedwayR-12-A2-33,2.299470928,,277
2025-02-23T12:59:22.2413060+05:30,588,,1,-47.5,902.75,SpeedwayR-12-A2-33,2.317878697,,278
2025-02-23T12:59:22.2760740+05:30,588,,1,-47.5,902.75,SpeedwayR-12-A2-33,2.330150544,,279
2025-02-23T12:59:22.2794060+05:30,588,,1,-47.5,902.75,SpeedwayR-12-A2-33,2.354694236,,280
2025-02-23T12:59:22.3157290+05:30,588,,1,-47.5,902.75,SpeedwayR-12-A2-33,2.373102006,,281
2025-02-23T12:59:22.3264110+05:30,588,,1,-48,902.75,SpeedwayR-12-A2-33,2.401903009,,282
2025-02-23T12:59:22.3608840+05:30,588,,1,-48,902.75,SpeedwayR-12-A2-33,2.426446701,,283
2025-02-23T12:59:22.3643930+05:30,588,,1,-48,902.75,SpeedwayR-12-A2-33,2.444854471,,284
2025-02-23T12:59:22.4015190+05:30,588,,1,-48,902.75,SpeedwayR-12-A2-33,2.48167001,,285
2025-02-23T12:59:22.4046050+05:30,588,,1,-48,902.75,SpeedwayR-12-A2-33,2.506213702,,286
2025-02-23T12:59:22.4409130+05:30,588,,1,-47.5,902.75,SpeedwayR-12-A2-33,2.530757395,,287
2025-02-23T12:59:22.4448940+05:30,588,,1,-47.5,902.75,SpeedwayR-12-A2-33,2.543029241,,288
2025-02-23T12:59:22.4796860+05:30,588,,1,-47.5,902.75,SpeedwayR-12-A2-33,2.567572934,,289
2025-02-23T12:59:22.4836790+05:30,588,,1,-47.5,902.75,SpeedwayR-12-A2-33,2.57984478,,290
2025-02-23T12:59:22.5190350+05:30,588,,1,-47,902.75,SpeedwayR-12-A2-33,2.604388473,,291
2025-02-23T12:59:22.5292610+05:30,588,,1,-44,902.75,SpeedwayR-12-A2-33,8.783641445,,292
2025-02-23T12:59:22.5647580+05:30,588,,1,-44,902.75,SpeedwayR-12-A2-33,8.808185138,,293
2025-02-23T12:59:22.5687420+05:30,588,,1,-44,902.75,SpeedwayR-12-A2-33,8.808185138,,294
2025-02-23T12:59:22.6041000+05:30,588,,1,-43.5,902.75,SpeedwayR-12-A2-33,8.8511366,,295
2025-02-23T12:59:22.6096310+05:30,588,,1,-43.5,902.75,SpeedwayR-12-A2-33,8.838864754,,296
2025-02-23T12:59:22.6440530+05:30,588,,1,-43.5,902.75,SpeedwayR-12-A2-33,8.881816216,,297
2025-02-23T12:59:22.6473880+05:30,588,,1,-43.5,902.75,SpeedwayR-12-A2-33,8.937039524,,298
2025-02-23T12:59:22.6836450+05:30,588,,1,-43.5,902.75,SpeedwayR-12-A2-33,8.924767678,,299
2025-02-23T12:59:22.6872680+05:30,588,,1,-43.5,902.75,SpeedwayR-12-A2-33,8.918631755,,300
2025-02-23T12:59:22.7232840+05:30,588,,1,-43.5,902.75,SpeedwayR-12-A2-33,8.955447294,,301
2025-02-23T12:59:22.7341810+05:30,588,,1,-49,902.75,SpeedwayR-12-A2-33,2.834796496,,302
2025-02-23T12:59:22.7690900+05:30,588,,1,-49.5,902.75,SpeedwayR-12-A2-33,2.828660573,,303
2025-02-23T12:59:22.7732090+05:30,588,,1,-49,902.75,SpeedwayR-12-A2-33,2.847068342,,304
2025-02-23T12:59:22.8067620+05:30,588,,1,-49,902.75,SpeedwayR-12-A2-33,2.871612035,,305
2025-02-23T12:59:22.8114970+05:30,588,,1,-49,902.75,SpeedwayR-12-A2-33,2.896155728,,306
2025-02-23T12:59:22.8471810+05:30,588,,1,-49,902.75,SpeedwayR-12-A2-33,2.932971266,,307
2025-02-23T12:59:22.8517460+05:30,588,,1,-49,902.75,SpeedwayR-12-A2-33,2.914563497,,308
2025-02-23T12:59:22.8849410+05:30,588,,1,-49,902.75,SpeedwayR-12-A2-33,2.957514959,,309
2025-02-23T12:59:22.8894360+05:30,588,,1,-49,902.75,SpeedwayR-12-A2-33,3.000466421,,310
2025-02-23T12:59:22.9257090+05:30,588,,1,-49,902.75,SpeedwayR-12-A2-33,3.000466421,,311
2025-02-23T12:59:22.9286930+05:30,588,,1,-49,902.75,SpeedwayR-12-A2-33,3.006602344,,312
2025-02-23T12:59:22.9720870+05:30,588,,1,-49,902.75,SpeedwayR-12-A2-33,3.056629036,,313
2025-02-23T12:59:22.9763350+05:30,588,,1,-49,902.75,SpeedwayR-12-A2-33,3.04435719,,314
2025-02-23T12:59:23.0098210+05:30,588,,1,-48.5,902.75,SpeedwayR-12-A2-33,3.105716421,,315
2025-02-23T12:59:23.0136820+05:30,588,,1,-48.5,902.75,SpeedwayR-12-A2-33,3.099580498,,316
2025-02-23T12:59:23.0505440+05:30,588,,1,-48.5,902.75,SpeedwayR-12-A2-33,3.099580498,,317
2025-02-23T12:59:23.0532650+05:30,588,,1,-48.5,902.75,SpeedwayR-12-A2-33,3.124124191,,318
2025-02-23T12:59:23.0889050+05:30,588,,1,-49,902.75,SpeedwayR-12-A2-33,3.154803806,,319
2025-02-23T12:59:23.0931580+05:30,588,,1,-48.5,902.75,SpeedwayR-12-A2-33,3.160939729,,320
2025-02-23T12:59:23.1281150+05:30,588,,1,-48.5,902.75,SpeedwayR-12-A2-33,3.203891192,,321
2025-02-23T12:59:23.1326470+05:30,588,,1,-48.5,902.75,SpeedwayR-12-A2-33,3.210027115,,322
2025-02-23T12:59:23.1748480+05:30,588,,1,-41.5,902.75,SpeedwayR-12-A2-33,9.264561286,,323
2025-02-23T12:59:23.1797480+05:30,588,,1,-41.5,902.75,SpeedwayR-12-A2-33,9.264561286,,324
2025-02-23T12:59:23.2141150+05:30,588,,1,-41.5,902.75,SpeedwayR-12-A2-33,9.276833132,,325
2025-02-23T12:59:23.2181220+05:30,588,,1,-41.5,902.75,SpeedwayR-12-A2-33,9.289104978,,326
2025-02-23T12:59:23.2528090+05:30,588,,1,-41.5,902.75,SpeedwayR-12-A2-33,9.332056441,,327
2025-02-23T12:59:23.2560360+05:30,588,,1,-41.5,902.75,SpeedwayR-12-A2-33,9.325920517,,328
2025-02-23T12:59:23.2926180+05:30,588,,1,-41.5,902.75,SpeedwayR-12-A2-33,9.381143826,,329
2025-02-23T12:59:23.2952510+05:30,588,,1,-41.5,902.75,SpeedwayR-12-A2-33,9.381143826,,330
2025-02-23T12:59:23.3320510+05:30,588,,1,-41.5,902.75,SpeedwayR-12-A2-33,9.381143826,,331
2025-02-23T12:59:23.3359320+05:30,588,,1,-41.5,902.75,SpeedwayR-12-A2-33,9.387279749,,332
2025-02-23T12:59:23.3713870+05:30,588,,1,-43,902.75,SpeedwayR-12-A2-33,9.486454689,,333
2025-02-23T12:59:23.3746260+05:30,588,,1,-43,902.75,SpeedwayR-12-A2-33,9.517134304,,334
2025-02-23T12:59:23.4099550+05:30,588,,1,-43,902.75,SpeedwayR-12-A2-33,9.535542074,,335
2025-02-23T12:59:23.4145630+05:30,588,,1,-43,902.75,SpeedwayR-12-A2-33,9.541677997,,336
2025-02-23T12:59:23.4490400+05:30,588,,1,-43,902.75,SpeedwayR-12-A2-33,9.560085766,,337
2025-02-23T12:59:23.4544520+05:30,588,,1,-42.5,902.75,SpeedwayR-12-A2-33,9.560085766,,338
2025-02-23T12:59:23.4893930+05:30,588,,1,-43,902.75,SpeedwayR-12-A2-33,9.584629459,,339
2025-02-23T12:59:23.4940450+05:30,588,,1,-43,902.75,SpeedwayR-12-A2-33,9.578493536,,340
2025-02-23T12:59:23.5293820+05:30,588,,1,-43,902.75,SpeedwayR-12-A2-33,9.621444998,,341
2025-02-23T12:59:23.5324470+05:30,588,,1,-43,902.75,SpeedwayR-12-A2-33,9.603037228,,342
2025-02-23T12:59:23.5672600+05:30,588,,1,-46.5,902.75,SpeedwayR-12-A2-33,3.471493113,,343
2025-02-23T12:59:23.5714820+05:30,588,,1,-46.5,902.75,SpeedwayR-12-A2-33,3.496036805,,344
2025-02-23T12:59:23.6067660+05:30,588,,1,-46.5,902.75,SpeedwayR-12-A2-33,3.520580498,,345
2025-02-23T12:59:23.6095360+05:30,588,,1,-46.5,902.75,SpeedwayR-12-A2-33,3.489900882,,346
2025-02-23T12:59:23.6459140+05:30,588,,1,-46.5,902.75,SpeedwayR-12-A2-33,3.514444575,,347
2025-02-23T12:59:23.6505890+05:30,588,,1,-46.5,902.75,SpeedwayR-12-A2-33,3.538988267,,348
2025-02-23T12:59:23.6853630+05:30,588,,1,-47,902.75,SpeedwayR-12-A2-33,3.56353196,,349
2025-02-23T12:59:23.6896440+05:30,588,,1,-46.5,902.75,SpeedwayR-12-A2-33,3.581939729,,350
2025-02-23T12:59:23.7241140+05:30,588,,1,-47,902.75,SpeedwayR-12-A2-33,3.581939729,,351
2025-02-23T12:59:23.7275410+05:30,588,,1,-46.5,902.75,SpeedwayR-12-A2-33,3.588075653,,352
2025-02-23T12:59:23.7689200+05:30,588,,1,-42,902.75,SpeedwayR-12-A2-33,3.527534002,,353
2025-02-23T12:59:23.7742840+05:30,588,,1,-42,902.75,SpeedwayR-12-A2-33,3.521398079,,354
2025-02-23T12:59:23.8083820+05:30,588,,1,-42,902.75,SpeedwayR-12-A2-33,3.558213618,,355
2025-02-23T12:59:23.8131760+05:30,588,,1,-41,902.75,SpeedwayR-12-A2-33,3.730019466,,356
2025-02-23T12:59:23.8491820+05:30,588,,1,-42,902.75,SpeedwayR-12-A2-33,3.588893233,,357
2025-02-23T12:59:23.8515440+05:30,588,,1,-42,902.75,SpeedwayR-12-A2-33,3.588893233,,358
2025-02-23T12:59:23.8895190+05:30,588,,1,-42,902.75,SpeedwayR-12-A2-33,3.595029157,,359
2025-02-23T12:59:23.8917210+05:30,588,,1,-42,902.75,SpeedwayR-12-A2-33,3.595029157,,360
2025-02-23T12:59:23.9277850+05:30,588,,1,-41.5,902.75,SpeedwayR-12-A2-33,3.619572849,,361
2025-02-23T12:59:23.9323050+05:30,588,,1,-41.5,902.75,SpeedwayR-12-A2-33,3.619572849,,362
2025-02-23T12:59:23.9746600+05:30,588,,1,-41,902.75,SpeedwayR-12-A2-33,9.839959534,,363
2025-02-23T12:59:23.9781260+05:30,588,,1,-41,902.75,SpeedwayR-12-A2-33,9.956542074,,364
2025-02-23T12:59:24.0149340+05:30,588,,1,-41,902.75,SpeedwayR-12-A2-33,9.895182842,,365
2025-02-23T12:59:24.0192960+05:30,588,,1,-41,902.75,SpeedwayR-12-A2-33,9.889046919,,366
2025-02-23T12:59:24.0546290+05:30,588,,1,-40.5,902.75,SpeedwayR-12-A2-33,9.895182842,,367
2025-02-23T12:59:24.0597660+05:30,588,,1,-40.5,902.75,SpeedwayR-12-A2-33,9.889046919,,368
2025-02-23T12:59:24.0940870+05:30,588,,1,-40.5,902.75,SpeedwayR-12-A2-33,9.907454689,,369
2025-02-23T12:59:24.0987990+05:30,588,,1,-40.5,902.75,SpeedwayR-12-A2-33,9.913590612,,370
2025-02-23T12:59:24.1343340+05:30,588,,1,-40.5,902.75,SpeedwayR-12-A2-33,9.950406151,,371
2025-02-23T12:59:24.1393060+05:30,588,,1,-40.5,902.75,SpeedwayR-12-A2-33,9.944270227,,372
2025-02-23T12:59:24.1811700+05:30,588,,1,-45.5,902.75,SpeedwayR-12-A2-33,3.902886346,,373
2025-02-23T12:59:24.1846790+05:30,588,,1,-45.5,902.75,SpeedwayR-12-A2-33,3.896750423,,374
2025-02-23T12:59:24.2221380+05:30,588,,1,-45,902.75,SpeedwayR-12-A2-33,3.933565962,,375
2025-02-23T12:59:24.2266500+05:30,588,,1,-45,902.75,SpeedwayR-12-A2-33,3.915158192,,376
2025-02-23T12:59:24.2596800+05:30,588,,1,-45,902.75,SpeedwayR-12-A2-33,3.945837808,,377
2025-02-23T12:59:24.2645740+05:30,588,,1,-45,902.75,SpeedwayR-12-A2-33,3.951973731,,378
2025-02-23T12:59:24.3000310+05:30,588,,1,-45,902.75,SpeedwayR-12-A2-33,3.964245578,,379
2025-02-23T12:59:24.3029080+05:30,588,,1,-45,902.75,SpeedwayR-12-A2-33,3.964245578,,380
2025-02-23T12:59:24.3388310+05:30,588,,1,-45,902.75,SpeedwayR-12-A2-33,3.982653347,,381
2025-02-23T12:59:24.3419520+05:30,588,,1,-44.5,902.75,SpeedwayR-12-A2-33,3.98878927,,382
2025-02-23T12:59:24.3848250+05:30,588,,1,-41,902.75,SpeedwayR-12-A2-33,3.886735549,,383
2025-02-23T12:59:24.3902490+05:30,588,,1,-41,902.75,SpeedwayR-12-A2-33,3.892871472,,384
2025-02-23T12:59:24.4258390+05:30,588,,1,-41,902.75,SpeedwayR-12-A2-33,3.929687011,,385
2025-02-23T12:59:24.4281730+05:30,588,,1,-41,902.75,SpeedwayR-12-A2-33,3.917415164,,386
2025-02-23T12:59:24.4637480+05:30,588,,1,-41,902.75,SpeedwayR-12-A2-33,3.929687011,,387
2025-02-23T12:59:24.4690500+05:30,588,,1,-41,902.75,SpeedwayR-12-A2-33,3.941958857,,388
2025-02-23T12:59:24.5042700+05:30,588,,1,-41,902.75,SpeedwayR-12-A2-33,3.954230703,,389
2025-02-23T12:59:24.5081300+05:30,588,,1,-41,902.75,SpeedwayR-12-A2-33,3.954230703,,390
2025-02-23T12:59:24.5420180+05:30,588,,1,-40.5,902.75,SpeedwayR-12-A2-33,3.972638473,,391
2025-02-23T12:59:24.5475900+05:30,588,,1,-40.5,902.75,SpeedwayR-12-A2-33,3.972638473,,392
2025-02-23T12:59:24.5898880+05:30,588,,1,-38,902.75,SpeedwayR-12-A2-33,10.09385022,,393
2025-02-23T12:59:24.5934690+05:30,588,,1,-38,902.75,SpeedwayR-12-A2-33,10.08157837,,394
2025-02-23T12:59:24.6286390+05:30,588,,1,-38,902.75,SpeedwayR-12-A2-33,10.11225799,,395
2025-02-23T12:59:24.6331590+05:30,588,,1,-38,902.75,SpeedwayR-12-A2-33,10.09998614,,396
2025-02-23T12:59:24.6690330+05:30,588,,1,-38,902.75,SpeedwayR-12-A2-33,10.11839391,,397
2025-02-23T12:59:24.6735640+05:30,588,,1,-38,902.75,SpeedwayR-12-A2-33,10.13066576,,398
2025-02-23T12:59:24.7085210+05:30,588,,1,-38,902.75,SpeedwayR-12-A2-33,10.13680168,,399
2025-02-23T12:59:24.7113820+05:30,588,,1,-38,902.75,SpeedwayR-12-A2-33,10.13066576,,400
2025-02-23T12:59:24.7471420+05:30,588,,1,-38,902.75,SpeedwayR-12-A2-33,10.15520945,,401
2025-02-23T12:59:24.7506470+05:30,588,,1,-38,902.75,SpeedwayR-12-A2-33,10.14907353,,402
2025-02-23T12:59:24.7939460+05:30,588,,1,-38.5,902.75,SpeedwayR-12-A2-33,10.20053961,,403
2025-02-23T12:59:24.7963000+05:30,588,,1,-38.5,902.75,SpeedwayR-12-A2-33,10.20053961,,404
2025-02-23T12:59:24.8337280+05:30,588,,1,-38.5,902.75,SpeedwayR-12-A2-33,10.2250833,,405
2025-02-23T12:59:24.8377080+05:30,588,,1,-38.5,902.75,SpeedwayR-12-A2-33,10.21281146,,406
2025-02-23T12:59:24.8731820+05:30,588,,1,-38.5,902.75,SpeedwayR-12-A2-33,10.24349107,,407
2025-02-23T12:59:24.8765340+05:30,588,,1,-38.5,902.75,SpeedwayR-12-A2-33,10.24962699,,408
2025-02-23T12:59:24.9125600+05:30,588,,1,-38,902.75,SpeedwayR-12-A2-33,10.29871438,,409
2025-02-23T12:59:24.9162600+05:30,588,,1,-38,902.75,SpeedwayR-12-A2-33,10.27417069,,410
2025-02-23T12:59:24.9522130+05:30,588,,1,-38,902.75,SpeedwayR-12-A2-33,10.29871438,,411
2025-02-23T12:59:24.9548460+05:30,588,,1,-38,902.75,SpeedwayR-12-A2-33,10.29257846,,412
2025-02-23T12:59:24.9985640+05:30,588,,1,-43.5,902.75,SpeedwayR-12-A2-33,4.280934884,,413
2025-02-23T12:59:25.0019090+05:30,588,,1,-43.5,902.75,SpeedwayR-12-A2-33,4.29320673,,414
2025-02-23T12:59:25.0358450+05:30,588,,1,-43.5,902.75,SpeedwayR-12-A2-33,4.299342654,,415
2025-02-23T12:59:25.0418880+05:30,588,,1,-43.5,902.75,SpeedwayR-12-A2-33,4.317750423,,416
2025-02-23T12:59:25.0763870+05:30,588,,1,-43,902.75,SpeedwayR-12-A2-33,4.330022269,,417
2025-02-23T12:59:25.0796070+05:30,588,,1,-43,902.75,SpeedwayR-12-A2-33,4.336158192,,418
2025-02-23T12:59:25.1161640+05:30,588,,1,-43,902.75,SpeedwayR-12-A2-33,4.348430039,,419
2025-02-23T12:59:25.1207110+05:30,588,,1,-43,902.75,SpeedwayR-12-A2-33,4.336158192,,420
2025-02-23T12:59:25.1546280+05:30,588,,1,-43,902.75,SpeedwayR-12-A2-33,4.360701885,,421
2025-02-23T12:59:25.1590430+05:30,588,,1,-43,902.75,SpeedwayR-12-A2-33,4.354565962,,422
2025-02-23T12:59:25.2022460+05:30,588,,1,-43,902.75,SpeedwayR-12-A2-33,4.355505268,,423
2025-02-23T12:59:25.2050740+05:30,588,,1,-43,902.75,SpeedwayR-12-A2-33,4.361641192,,424
2025-02-23T12:59:25.2414900+05:30,588,,1,-42.5,902.75,SpeedwayR-12-A2-33,4.380048961,,425
2025-02-23T12:59:25.2456840+05:30,588,,1,-43,902.75,SpeedwayR-12-A2-33,4.39845673,,426
2025-02-23T12:59:25.2807110+05:30,588,,1,-43,902.75,SpeedwayR-12-A2-33,4.404592654,,427
2025-02-23T12:59:25.2856420+05:30,588,,1,-43,902.75,SpeedwayR-12-A2-33,4.404592654,,428
2025-02-23T12:59:25.3206980+05:30,588,,1,-43,902.75,SpeedwayR-12-A2-33,4.423000423,,429
2025-02-23T12:59:25.3252790+05:30,588,,1,-43,902.75,SpeedwayR-12-A2-33,4.410728577,,430
2025-02-23T12:59:25.3594970+05:30,588,,1,-43,902.75,SpeedwayR-12-A2-33,4.435272269,,431
2025-02-23T12:59:25.3624440+05:30,588,,1,-43,902.75,SpeedwayR-12-A2-33,4.429136346,,432
2025-02-23T12:59:25.4060990+05:30,588,,1,-40.5,902.75,SpeedwayR-12-A2-33,4.369594865,,433
2025-02-23T12:59:25.4101680+05:30,588,,1,-40.5,902.75,SpeedwayR-12-A2-33,4.32050748,,434
2025-02-23T12:59:25.4457500+05:30,588,,1,-40,902.75,SpeedwayR-12-A2-33,4.363458942,,435
2025-02-23T12:59:25.4483320+05:30,588,,1,-40,902.75,SpeedwayR-12-A2-33,4.375730788,,436
2025-02-23T12:59:25.4846020+05:30,588,,1,-40,902.75,SpeedwayR-12-A2-33,4.381866711,,437
2025-02-23T12:59:25.4897080+05:30,588,,1,-40,902.75,SpeedwayR-12-A2-33,4.394138557,,438
2025-02-23T12:59:25.5238050+05:30,588,,1,-40,902.75,SpeedwayR-12-A2-33,4.40027448,,439
2025-02-23T12:59:25.5274250+05:30,588,,1,-40,902.75,SpeedwayR-12-A2-33,4.406410404,,440
2025-02-23T12:59:25.5634490+05:30,588,,1,-40,902.75,SpeedwayR-12-A2-33,4.406410404,,441
2025-02-23T12:59:25.5678320+05:30,588,,1,-40,902.75,SpeedwayR-12-A2-33,4.406410404,,442
2025-02-23T12:59:25.6096450+05:30,588,,1,-43.5,902.75,SpeedwayR-12-A2-33,4.556612204,,443
2025-02-23T12:59:25.6136370+05:30,588,,1,-43.5,902.75,SpeedwayR-12-A2-33,4.550476281,,444
2025-02-23T12:59:25.6499640+05:30,588,,1,-43.5,902.75,SpeedwayR-12-A2-33,4.550476281,,445
2025-02-23T12:59:25.6531870+05:30,588,,1,-43.5,902.75,SpeedwayR-12-A2-33,4.550476281,,446
2025-02-23T12:59:25.6880330+05:30,588,,1,-43.5,902.75,SpeedwayR-12-A2-33,4.562748127,,447
2025-02-23T12:59:25.6925300+05:30,588,,1,-43.5,902.75,SpeedwayR-12-A2-33,4.56888405,,448
2025-02-23T12:59:25.7280290+05:30,588,,1,-43.5,902.75,SpeedwayR-12-A2-33,4.562748127,,449
2025-02-23T12:59:25.7322930+05:30,588,,1,-43.5,902.75,SpeedwayR-12-A2-33,4.575019974,,450
2025-02-23T12:59:25.7666620+05:30,588,,1,-43.5,902.75,SpeedwayR-12-A2-33,4.575019974,,451
2025-02-23T12:59:25.7714170+05:30,588,,1,-43.5,902.75,SpeedwayR-12-A2-33,4.56888405,,452
2025-02-23T12:59:25.8115600+05:30,588,,1,-41,902.75,SpeedwayR-12-A2-33,4.516417799,,453
2025-02-23T12:59:25.8157680+05:30,588,,1,-41,902.75,SpeedwayR-12-A2-33,4.522553722,,454
2025-02-23T12:59:25.8525900+05:30,588,,1,-41,902.75,SpeedwayR-12-A2-33,4.522553722,,455
2025-02-23T12:59:25.8556920+05:30,588,,1,-41,902.75,SpeedwayR-12-A2-33,4.516417799,,456
2025-02-23T12:59:25.8909700+05:30,588,,1,-41,902.75,SpeedwayR-12-A2-33,4.534825568,,457
2025-02-23T12:59:25.8953700+05:30,588,,1,-41,902.75,SpeedwayR-12-A2-33,4.528689645,,458
2025-02-23T12:59:25.9308250+05:30,588,,1,-41,902.75,SpeedwayR-12-A2-33,4.534825568,,459
2025-02-23T12:59:25.9352000+05:30,588,,1,-41,902.75,SpeedwayR-12-A2-33,4.534825568,,460
2025-02-23T12:59:25.9707180+05:30,588,,1,-41,902.75,SpeedwayR-12-A2-33,4.540961491,,461
2025-02-23T12:59:25.9735410+05:30,588,,1,-41,902.75,SpeedwayR-12-A2-33,4.547097414,,462
2025-02-23T12:59:26.0158960+05:30,588,,1,-42.5,902.75,SpeedwayR-12-A2-33,4.586791735,,463
2025-02-23T12:59:26.0193970+05:30,588,,1,-42.5,902.75,SpeedwayR-12-A2-33,4.592927658,,464
2025-02-23T12:59:26.0556150+05:30,588,,1,-42.5,902.75,SpeedwayR-12-A2-33,4.586791735,,465
2025-02-23T12:59:26.0581730+05:30,588,,1,-42.5,902.75,SpeedwayR-12-A2-33,4.592927658,,466
2025-02-23T12:59:26.0947450+05:30,588,,1,-42.5,902.75,SpeedwayR-12-A2-33,4.592927658,,467
2025-02-23T12:59:26.0984600+05:30,588,,1,-42.5,902.75,SpeedwayR-12-A2-33,4.592927658,,468
2025-02-23T12:59:26.1335720+05:30,588,,1,-42.5,902.75,SpeedwayR-12-A2-33,4.599063582,,469
2025-02-23T12:59:26.1368090+05:30,588,,1,-42.5,902.75,SpeedwayR-12-A2-33,4.592927658,,470
2025-02-23T12:59:26.1735430+05:30,588,,1,-42.5,902.75,SpeedwayR-12-A2-33,4.599063582,,471
2025-02-23T12:59:26.1762670+05:30,588,,1,-42.5,902.75,SpeedwayR-12-A2-33,4.586791735,,472
2025-02-23T12:59:26.2181340+05:30,588,,1,-44,902.75,SpeedwayR-12-A2-33,4.603820977,,473
2025-02-23T12:59:26.2217610+05:30,588,,1,-44,902.75,SpeedwayR-12-A2-33,4.640636515,,474
2025-02-23T12:59:26.2586790+05:30,588,,1,-44,902.75,SpeedwayR-12-A2-33,4.622228746,,475
2025-02-23T12:59:26.2624160+05:30,588,,1,-44,902.75,SpeedwayR-12-A2-33,4.59154913,,476
2025-02-23T12:59:26.2966360+05:30,588,,1,-44,902.75,SpeedwayR-12-A2-33,4.616092823,,477
2025-02-23T12:59:26.3015170+05:30,588,,1,-44,902.75,SpeedwayR-12-A2-33,4.628364669,,478
2025-02-23T12:59:26.3365970+05:30,588,,1,-44,902.75,SpeedwayR-12-A2-33,4.628364669,,479
2025-02-23T12:59:26.3401040+05:30,588,,1,-44,902.75,SpeedwayR-12-A2-33,4.6099569,,480
2025-02-23T12:59:26.3758350+05:30,588,,1,-44,902.75,SpeedwayR-12-A2-33,4.640636515,,481
2025-02-23T12:59:26.3799620+05:30,588,,1,-44,902.75,SpeedwayR-12-A2-33,4.646772439,,482
2025-02-23T12:59:26.4236080+05:30,588,,1,-42.5,902.75,SpeedwayR-12-A2-33,4.60895673,,483
2025-02-23T12:59:26.4261290+05:30,588,,1,-42.5,902.75,SpeedwayR-12-A2-33,4.602820807,,484
2025-02-23T12:59:26.4619060+05:30,588,,1,-42.5,902.75,SpeedwayR-12-A2-33,4.596684884,,485
2025-02-23T12:59:26.4648580+05:30,588,,1,-42.5,902.75,SpeedwayR-12-A2-33,4.602820807,,486
2025-02-23T12:59:26.5017870+05:30,588,,1,-42.5,902.75,SpeedwayR-12-A2-33,4.596684884,,487
2025-02-23T12:59:26.5052980+05:30,588,,1,-43,902.75,SpeedwayR-12-A2-33,4.60895673,,488
2025-02-23T12:59:26.5398620+05:30,588,,1,-43,902.75,SpeedwayR-12-A2-33,4.602820807,,489
2025-02-23T12:59:26.5438360+05:30,588,,1,-42.5,902.75,SpeedwayR-12-A2-33,4.596684884,,490
2025-02-23T12:59:26.5803960+05:30,588,,1,-43,902.75,SpeedwayR-12-A2-33,4.590548961,,491
2025-02-23T12:59:26.5827510+05:30,588,,1,-43,902.75,SpeedwayR-12-A2-33,4.590548961,,492
2025-02-23T12:59:26.6260430+05:30,588,,1,-37,902.75,SpeedwayR-12-A2-33,10.58566338,,493
2025-02-23T12:59:26.6299840+05:30,588,,1,-37,902.75,SpeedwayR-12-A2-33,10.57339153,,494
2025-02-23T12:59:26.6648070+05:30,588,,1,-37,902.75,SpeedwayR-12-A2-33,10.57952745,,495
2025-02-23T12:59:26.6694670+05:30,588,,1,-37,902.75,SpeedwayR-12-A2-33,10.56725561,,496
2025-02-23T12:59:26.7053030+05:30,588,,1,-37,902.75,SpeedwayR-12-A2-33,10.61020707,,497
2025-02-23T12:59:26.7080520+05:30,588,,1,-37,902.75,SpeedwayR-12-A2-33,10.58566338,,498
2025-02-23T12:59:26.7441350+05:30,588,,1,-37,902.75,SpeedwayR-12-A2-33,10.5917993,,499
2025-02-23T12:59:26.7478380+05:30,588,,1,-37,902.75,SpeedwayR-12-A2-33,10.5917993,,500
2025-02-23T12:59:26.7827500+05:30,588,,1,-37,902.75,SpeedwayR-12-A2-33,10.58566338,,501
2025-02-23T12:59:26.7874860+05:30,588,,1,-37,902.75,SpeedwayR-12-A2-33,10.58566338,,502
2025-02-23T12:59:26.8289500+05:30,588,,1,-42.5,902.75,SpeedwayR-12-A2-33,4.530129036,,503
2025-02-23T12:59:26.8337120+05:30,588,,1,-42.5,902.75,SpeedwayR-12-A2-33,4.560808652,,504
2025-02-23T12:59:26.8687710+05:30,588,,1,-42.5,902.75,SpeedwayR-12-A2-33,4.548536805,,505
2025-02-23T12:59:26.8730200+05:30,588,,1,-42.5,902.75,SpeedwayR-12-A2-33,4.554672728,,506
2025-02-23T12:59:26.9079190+05:30,588,,1,-42.5,902.75,SpeedwayR-12-A2-33,4.548536805,,507
2025-02-23T12:59:26.9120220+05:30,588,,1,-42.5,902.75,SpeedwayR-12-A2-33,4.542400882,,508
2025-02-23T12:59:26.9474740+05:30,588,,1,-42.5,902.75,SpeedwayR-12-A2-33,4.548536805,,509
2025-02-23T12:59:26.9497840+05:30,588,,1,-42.5,902.75,SpeedwayR-12-A2-33,4.536264959,,510
2025-02-23T12:59:26.9866200+05:30,588,,1,-42.5,902.75,SpeedwayR-12-A2-33,4.523993113,,511
2025-02-23T12:59:26.9898150+05:30,588,,1,-42.5,902.75,SpeedwayR-12-A2-33,4.530129036,,512
2025-02-23T12:59:27.0326020+05:30,588,,1,-37.5,902.75,SpeedwayR-12-A2-33,10.54602992,,513
2025-02-23T12:59:27.0361840+05:30,588,,1,-37.5,902.75,SpeedwayR-12-A2-33,10.54602992,,514
2025-02-23T12:59:27.0718160+05:30,588,,1,-37.5,902.75,SpeedwayR-12-A2-33,10.57670953,,515
2025-02-23T12:59:27.0754500+05:30,588,,1,-37.5,902.75,SpeedwayR-12-A2-33,10.57670953,,516
2025-02-23T12:59:27.1112880+05:30,588,,1,-37.5,902.75,SpeedwayR-12-A2-33,10.57057361,,517
2025-02-23T12:59:27.1169310+05:30,588,,1,-37.5,902.75,SpeedwayR-12-A2-33,10.55830176,,518
2025-02-23T12:59:27.1528840+05:30,588,,1,-37.5,902.75,SpeedwayR-12-A2-33,10.53989399,,519
2025-02-23T12:59:27.1554160+05:30,588,,1,-37.5,902.75,SpeedwayR-12-A2-33,10.56443769,,520
2025-02-23T12:59:27.1935680+05:30,588,,1,-37.5,902.75,SpeedwayR-12-A2-33,10.53375807,,521
2025-02-23T12:59:27.1965610+05:30,588,,1,-37.5,902.75,SpeedwayR-12-A2-33,10.53375807,,522
2025-02-23T12:59:27.2387280+05:30,588,,1,-44.5,902.75,SpeedwayR-12-A2-33,4.521675278,,523
2025-02-23T12:59:27.2448390+05:30,588,,1,-44.5,902.75,SpeedwayR-12-A2-33,4.527811201,,524
2025-02-23T12:59:27.2789880+05:30,588,,1,-44,902.75,SpeedwayR-12-A2-33,4.497131585,,525
2025-02-23T12:59:27.2832730+05:30,588,,1,-44,902.75,SpeedwayR-12-A2-33,4.509403432,,526
2025-02-23T12:59:27.3195000+05:30,588,,1,-44.5,902.75,SpeedwayR-12-A2-33,4.46645197,,527
2025-02-23T12:59:27.3227400+05:30,588,,1,-44.5,902.75,SpeedwayR-12-A2-33,4.472587893,,528
2025-02-23T12:59:27.3576770+05:30,588,,1,-44.5,902.75,SpeedwayR-12-A2-33,4.472587893,,529
2025-02-23T12:59:27.3628450+05:30,588,,1,-44.5,902.75,SpeedwayR-12-A2-33,4.46645197,,530
2025-02-23T12:59:27.3984950+05:30,588,,1,-44.5,902.75,SpeedwayR-12-A2-33,4.484859739,,531
2025-02-23T12:59:27.4016800+05:30,588,,1,-44.5,902.75,SpeedwayR-12-A2-33,4.472587893,,532
2025-02-23T12:59:27.4424960+05:30,588,,1,-43.5,902.75,SpeedwayR-12-A2-33,4.456998043,,533
2025-02-23T12:59:27.4472800+05:30,588,,1,-43.5,902.75,SpeedwayR-12-A2-33,4.45086212,,534
2025-02-23T12:59:27.4817040+05:30,588,,1,-43.5,902.75,SpeedwayR-12-A2-33,4.438590273,,535
2025-02-23T12:59:27.4881940+05:30,588,,1,-43.5,902.75,SpeedwayR-12-A2-33,4.573580583,,536
2025-02-23T12:59:27.5233820+05:30,588,,1,-43.5,902.75,SpeedwayR-12-A2-33,4.438590273,,537
2025-02-23T12:59:27.5282570+05:30,588,,1,-43.5,902.75,SpeedwayR-12-A2-33,4.444726196,,538
2025-02-23T12:59:27.5636490+05:30,588,,1,-43.5,902.75,SpeedwayR-12-A2-33,4.426318427,,539
2025-02-23T12:59:27.5657320+05:30,588,,1,-43.5,902.75,SpeedwayR-12-A2-33,4.426318427,,540
2025-02-23T12:59:27.6030640+05:30,588,,1,-43.5,902.75,SpeedwayR-12-A2-33,4.414046581,,541
2025-02-23T12:59:27.6085290+05:30,588,,1,-43.5,902.75,SpeedwayR-12-A2-33,4.401774734,,542
2025-02-23T12:59:27.6494320+05:30,588,,1,-45,902.75,SpeedwayR-12-A2-33,4.439090358,,543
2025-02-23T12:59:27.6532120+05:30,588,,1,-45,902.75,SpeedwayR-12-A2-33,4.420682588,,544
2025-02-23T12:59:27.6887120+05:30,588,,1,-45,902.75,SpeedwayR-12-A2-33,4.439090358,,545
2025-02-23T12:59:27.6934120+05:30,588,,1,-45,902.75,SpeedwayR-12-A2-33,4.396138896,,546
2025-02-23T12:59:27.7273640+05:30,588,,1,-45,902.75,SpeedwayR-12-A2-33,4.383867049,,547
2025-02-23T12:59:27.7314490+05:30,588,,1,-45,902.75,SpeedwayR-12-A2-33,4.377731126,,548
2025-02-23T12:59:27.7666040+05:30,588,,1,-45,902.75,SpeedwayR-12-A2-33,4.383867049,,549
2025-02-23T12:59:27.7701420+05:30,588,,1,-45,902.75,SpeedwayR-12-A2-33,4.390002973,,550
2025-02-23T12:59:27.8064670+05:30,588,,1,-45,902.75,SpeedwayR-12-A2-33,4.371595203,,551
2025-02-23T12:59:27.8095420+05:30,588,,1,-45,902.75,SpeedwayR-12-A2-33,4.377731126,,552
2025-02-23T12:59:27.8510510+05:30,588,,1,-38.5,902.75,SpeedwayR-12-A2-33,10.39782846,,553
2025-02-23T12:59:27.8559020+05:30,588,,1,-38.5,902.75,SpeedwayR-12-A2-33,10.39169253,,554
2025-02-23T12:59:27.8917680+05:30,588,,1,-38.5,902.75,SpeedwayR-12-A2-33,10.40396438,,555
2025-02-23T12:59:27.8947260+05:30,588,,1,-38.5,902.75,SpeedwayR-12-A2-33,10.37942069,,556
2025-02-23T12:59:27.9305230+05:30,588,,1,-38.5,902.75,SpeedwayR-12-A2-33,10.36101292,,557
2025-02-23T12:59:27.9345150+05:30,588,,1,-38.5,902.75,SpeedwayR-12-A2-33,10.35487699,,558
2025-02-23T12:59:27.9701460+05:30,588,,1,-38.5,902.75,SpeedwayR-12-A2-33,10.36101292,,559
2025-02-23T12:59:27.9759740+05:30,588,,1,-39,902.75,SpeedwayR-12-A2-33,10.35487699,,560
2025-02-23T12:59:28.0110780+05:30,588,,1,-38.5,902.75,SpeedwayR-12-A2-33,10.34260515,,561
2025-02-23T12:59:28.0147720+05:30,588,,1,-39,902.75,SpeedwayR-12-A2-33,10.33646922,,562
2025-02-23T12:59:28.0566970+05:30,588,,1,-44.5,902.75,SpeedwayR-12-A2-33,4.278116965,,563
2025-02-23T12:59:28.0593910+05:30,588,,1,-44.5,902.75,SpeedwayR-12-A2-33,4.278116965,,564
2025-02-23T12:59:28.0956860+05:30,588,,1,-44.5,902.75,SpeedwayR-12-A2-33,4.278116965,,565
2025-02-23T12:59:28.0981520+05:30,588,,1,-44.5,902.75,SpeedwayR-12-A2-33,4.259709195,,566
2025-02-23T12:59:28.1342150+05:30,588,,1,-44.5,902.75,SpeedwayR-12-A2-33,4.235165503,,567
2025-02-23T12:59:28.1393250+05:30,588,,1,-44.5,902.75,SpeedwayR-12-A2-33,4.241301426,,568
2025-02-23T12:59:28.1742660+05:30,588,,1,-44.5,902.75,SpeedwayR-12-A2-33,4.253573272,,569
2025-02-23T12:59:28.1785310+05:30,588,,1,-44.5,902.75,SpeedwayR-12-A2-33,4.253573272,,570
2025-02-23T12:59:28.2139180+05:30,588,,1,-45,902.75,SpeedwayR-12-A2-33,4.241301426,,571
2025-02-23T12:59:28.2157680+05:30,588,,1,-45,902.75,SpeedwayR-12-A2-33,4.235165503,,572
2025-02-23T12:59:28.2596280+05:30,588,,1,-41.5,902.75,SpeedwayR-12-A2-33,4.137369091,,573
2025-02-23T12:59:28.2624370+05:30,588,,1,-41.5,902.75,SpeedwayR-12-A2-33,4.125097245,,574
2025-02-23T12:59:28.2966000+05:30,588,,1,-41.5,902.75,SpeedwayR-12-A2-33,4.125097245,,575
2025-02-23T12:59:28.3018560+05:30,588,,1,-41.5,902.75,SpeedwayR-12-A2-33,4.112825399,,576
2025-02-23T12:59:28.3367000+05:30,588,,1,-41.5,902.75,SpeedwayR-12-A2-33,4.100553552,,577
2025-02-23T12:59:28.3415170+05:30,588,,1,-41.5,902.75,SpeedwayR-12-A2-33,4.100553552,,578
2025-02-23T12:59:28.3764480+05:30,588,,1,-41.5,902.75,SpeedwayR-12-A2-33,4.07600986,,579
2025-02-23T12:59:28.3801420+05:30,588,,1,-41.5,902.75,SpeedwayR-12-A2-33,4.07600986,,580
2025-02-23T12:59:28.4162120+05:30,588,,1,-41.5,902.75,SpeedwayR-12-A2-33,4.063738014,,581
2025-02-23T12:59:28.4194030+05:30,588,,1,-41.5,902.75,SpeedwayR-12-A2-33,4.063738014,,582
2025-02-23T12:59:28.4625750+05:30,588,,1,-44,902.75,SpeedwayR-12-A2-33,4.102493028,,583
2025-02-23T12:59:28.4651370+05:30,588,,1,-44,902.75,SpeedwayR-12-A2-33,4.096357105,,584
2025-02-23T12:59:28.4999360+05:30,588,,1,-44,902.75,SpeedwayR-12-A2-33,4.071813412,,585
2025-02-23T12:59:28.5053530+05:30,588,,1,-44,902.75,SpeedwayR-12-A2-33,4.059541566,,586
2025-02-23T12:59:28.5401290+05:30,588,,1,-44,902.75,SpeedwayR-12-A2-33,3.998182335,,587
2025-02-23T12:59:28.5431810+05:30,588,,1,-44,902.75,SpeedwayR-12-A2-33,4.004318258,,588
2025-02-23T12:59:28.5784750+05:30,588,,1,-44,902.75,SpeedwayR-12-A2-33,3.992046411,,589
2025-02-23T12:59:28.5829620+05:30,588,,1,-44,902.75,SpeedwayR-12-A2-33,3.992046411,,590
2025-02-23T12:59:28.6177770+05:30,588,,1,-44,902.75,SpeedwayR-12-A2-33,4.010454181,,591
2025-02-23T12:59:28.6232310+05:30,588,,1,-44,902.75,SpeedwayR-12-A2-33,3.973638642,,592
2025-02-23T12:59:28.6643720+05:30,588,,1,-42.5,902.75,SpeedwayR-12-A2-33,3.939140938,,593
2025-02-23T12:59:28.6681250+05:30,588,,1,-42.5,902.75,SpeedwayR-12-A2-33,3.926869091,,594
2025-02-23T12:59:28.7040340+05:30,588,,1,-42.5,902.75,SpeedwayR-12-A2-33,3.914597245,,595
2025-02-23T12:59:28.7093260+05:30,588,,1,-42.5,902.75,SpeedwayR-12-A2-33,3.908461322,,596
2025-02-23T12:59:28.7446690+05:30,588,,1,-42.5,902.75,SpeedwayR-12-A2-33,3.883917629,,597
2025-02-23T12:59:28.7489830+05:30,588,,1,-42.5,902.75,SpeedwayR-12-A2-33,3.853238014,,598
2025-02-23T12:59:28.7841810+05:30,588,,1,-42.5,902.75,SpeedwayR-12-A2-33,3.822558398,,599
2025-02-23T12:59:28.7888220+05:30,588,,1,-42.5,902.75,SpeedwayR-12-A2-33,3.853238014,,600
2025-02-23T12:59:28.8244920+05:30,588,,1,-42.5,902.75,SpeedwayR-12-A2-33,3.822558398,,601
2025-02-23T12:59:28.8271430+05:30,588,,1,-42.5,902.75,SpeedwayR-12-A2-33,3.822558398,,602
2025-02-23T12:59:28.8695300+05:30,588,,1,-43,902.75,SpeedwayR-12-A2-33,3.772531706,,603
2025-02-23T12:59:28.8735090+05:30,588,,1,-43,902.75,SpeedwayR-12-A2-33,3.797075399,,604
2025-02-23T12:59:28.9095070+05:30,588,,1,-43,902.75,SpeedwayR-12-A2-33,3.754123937,,605
2025-02-23T12:59:28.9118130+05:30,588,,1,-43,902.75,SpeedwayR-12-A2-33,3.754123937,,606
2025-02-23T12:59:28.9483300+05:30,588,,1,-43,902.75,SpeedwayR-12-A2-33,3.735716167,,607
2025-02-23T12:59:28.9511600+05:30,588,,1,-43,902.75,SpeedwayR-12-A2-33,3.717308398,,608
2025-02-23T12:59:28.9876580+05:30,588,,1,-43.5,902.75,SpeedwayR-12-A2-33,3.711172475,,609
2025-02-23T12:59:28.9911210+05:30,588,,1,-43.5,902.75,SpeedwayR-12-A2-33,3.705036552,,610
2025-02-23T12:59:29.0260740+05:30,588,,1,-43.5,902.75,SpeedwayR-12-A2-33,3.668221013,,611
2025-02-23T12:59:29.0303330+05:30,588,,1,-43.5,902.75,SpeedwayR-12-A2-33,3.649813243,,612
2025-02-23T12:59:29.0727660+05:30,588,,1,-43.5,902.75,SpeedwayR-12-A2-33,3.667281706,,613
2025-02-23T12:59:29.0761170+05:30,588,,1,-43.5,902.75,SpeedwayR-12-A2-33,3.661145783,,614
2025-02-23T12:59:29.1123260+05:30,588,,1,-43.5,902.75,SpeedwayR-12-A2-33,3.642738014,,615
2025-02-23T12:59:29.1159000+05:30,588,,1,-44,902.75,SpeedwayR-12-A2-33,3.624330244,,616
2025-02-23T12:59:29.1505120+05:30,588,,1,-43.5,902.75,SpeedwayR-12-A2-33,3.593650628,,617
2025-02-23T12:59:29.1545220+05:30,588,,1,-43.5,902.75,SpeedwayR-12-A2-33,3.599786552,,618
2025-02-23T12:59:29.1899210+05:30,588,,1,-44,902.75,SpeedwayR-12-A2-33,3.593650628,,619
2025-02-23T12:59:29.1938010+05:30,588,,1,-44,902.75,SpeedwayR-12-A2-33,3.599786552,,620
2025-02-23T12:59:29.2291650+05:30,588,,1,-44,902.75,SpeedwayR-12-A2-33,3.569106936,,621
2025-02-23T12:59:29.2344910+05:30,588,,1,-44,902.75,SpeedwayR-12-A2-33,3.556835089,,622
2025-02-23T12:59:29.2764210+05:30,588,,1,-44,902.75,SpeedwayR-12-A2-33,3.598847245,,623
2025-02-23T12:59:29.2814420+05:30,588,,1,-44,902.75,SpeedwayR-12-A2-33,3.53135209,,624
2025-02-23T12:59:29.3150170+05:30,588,,1,-44.5,902.75,SpeedwayR-12-A2-33,3.500672475,,625
2025-02-23T12:59:29.3210300+05:30,588,,1,-44.5,902.75,SpeedwayR-12-A2-33,3.506808398,,626
2025-02-23T12:59:29.3561140+05:30,588,,1,-44.5,902.75,SpeedwayR-12-A2-33,3.469992859,,627
2025-02-23T12:59:29.3594330+05:30,588,,1,-44.5,902.75,SpeedwayR-12-A2-33,3.476128782,,628
2025-02-23T12:59:29.3949320+05:30,588,,1,-44.5,902.75,SpeedwayR-12-A2-33,3.445449166,,629
2025-02-23T12:59:29.3991210+05:30,588,,1,-44.5,902.75,SpeedwayR-12-A2-33,3.463856936,,630
2025-02-23T12:59:29.4366360+05:30,588,,1,-44.5,902.75,SpeedwayR-12-A2-33,3.420905474,,631
2025-02-23T12:59:29.4390480+05:30,588,,1,-44.5,902.75,SpeedwayR-12-A2-33,3.420905474,,632
2025-02-23T12:59:29.4815280+05:30,588,,1,-42.5,902.75,SpeedwayR-12-A2-33,9.541177912,,633
2025-02-23T12:59:29.4858240+05:30,588,,1,-42.5,902.75,SpeedwayR-12-A2-33,9.547313835,,634
2025-02-23T12:59:29.5205880+05:30,588,,1,-42.5,902.75,SpeedwayR-12-A2-33,9.522770143,,635
2025-02-23T12:59:29.5262890+05:30,588,,1,-42,902.75,SpeedwayR-12-A2-33,9.510498297,,636
2025-02-23T12:59:29.5605360+05:30,588,,1,-42,902.75,SpeedwayR-12-A2-33,9.461410911,,637
2025-02-23T12:59:29.5650580+05:30,588,,1,-42.5,902.75,SpeedwayR-12-A2-33,9.467546834,,638
2025-02-23T12:59:29.5998780+05:30,588,,1,-42.5,902.75,SpeedwayR-12-A2-33,9.424595372,,639
2025-02-23T12:59:29.6050400+05:30,588,,1,-42,902.75,SpeedwayR-12-A2-33,9.430731296,,640
2025-02-23T12:59:29.6396670+05:30,588,,1,-42.5,902.75,SpeedwayR-12-A2-33,9.424595372,,641
2025-02-23T12:59:29.6440400+05:30,588,,1,-42.5,902.75,SpeedwayR-12-A2-33,9.430731296,,642
2025-02-23T12:59:29.6860720+05:30,588,,1,-43,902.75,SpeedwayR-12-A2-33,9.531284763,,643
2025-02-23T12:59:29.6893380+05:30,588,,1,-43,902.75,SpeedwayR-12-A2-33,9.396294454,,644
2025-02-23T12:59:29.7262630+05:30,588,,1,-43,902.75,SpeedwayR-12-A2-33,9.396294454,,645
2025-02-23T12:59:29.7298460+05:30,588,,1,-43,902.75,SpeedwayR-12-A2-33,9.384022608,,646
2025-02-23T12:59:29.7641860+05:30,588,,1,-43,902.75,SpeedwayR-12-A2-33,9.371750761,,647
2025-02-23T12:59:29.7694210+05:30,588,,1,-43,902.75,SpeedwayR-12-A2-33,9.359478915,,648
2025-02-23T12:59:29.8041400+05:30,588,,1,-43.5,902.75,SpeedwayR-12-A2-33,9.328799299,,649
2025-02-23T12:59:29.8068420+05:30,588,,1,-43.5,902.75,SpeedwayR-12-A2-33,9.334935223,,650
2025-02-23T12:59:29.8431090+05:30,588,,1,-43.5,902.75,SpeedwayR-12-A2-33,9.261304145,,651
2025-02-23T12:59:29.8468760+05:30,588,,1,-43.5,902.75,SpeedwayR-12-A2-33,9.316527453,,652
2025-02-23T12:59:29.8894640+05:30,588,,1,-46.5,902.75,SpeedwayR-12-A2-33,3.067900713,,653
2025-02-23T12:59:29.8926930+05:30,588,,1,-47,902.75,SpeedwayR-12-A2-33,3.055628867,,654
2025-02-23T12:59:29.9291200+05:30,588,,1,-47,902.75,SpeedwayR-12-A2-33,3.049492944,,655
2025-02-23T12:59:29.9328230+05:30,588,,1,-47,902.75,SpeedwayR-12-A2-33,3.04335702,,656
2025-02-23T12:59:29.9673450+05:30,588,,1,-47,902.75,SpeedwayR-12-A2-33,3.024949251,,657
2025-02-23T12:59:29.9701050+05:30,588,,1,-47,902.75,SpeedwayR-12-A2-33,3.024949251,,658
2025-02-23T12:59:30.0077980+05:30,588,,1,-47,902.75,SpeedwayR-12-A2-33,2.994269635,,659
2025-02-23T12:59:30.0115970+05:30,588,,1,-47,902.75,SpeedwayR-12-A2-33,2.988133712,,660
2025-02-23T12:59:30.0462550+05:30,588,,1,-47.5,902.75,SpeedwayR-12-A2-33,2.951318173,,661
2025-02-23T12:59:30.0498790+05:30,588,,1,-47.5,902.75,SpeedwayR-12-A2-33,2.94518225,,662
2025-02-23T12:59:30.0921870+05:30,588,,1,-46,902.75,SpeedwayR-12-A2-33,2.898412699,,663
2025-02-23T12:59:30.0973240+05:30,588,,1,-45.5,902.75,SpeedwayR-12-A2-33,2.873869007,,664
2025-02-23T12:59:30.1325150+05:30,588,,1,-45.5,902.75,SpeedwayR-12-A2-33,2.837053468,,665
2025-02-23T12:59:30.1345990+05:30,588,,1,-45.5,902.75,SpeedwayR-12-A2-33,2.837053468,,666
2025-02-23T12:59:30.1714690+05:30,588,,1,-45.5,902.75,SpeedwayR-12-A2-33,2.843189391,,667
2025-02-23T12:59:30.1762280+05:30,588,,1,-45.5,902.75,SpeedwayR-12-A2-33,2.843189391,,668
2025-02-23T12:59:30.2119790+05:30,588,,1,-46,902.75,SpeedwayR-12-A2-33,2.800237929,,669
2025-02-23T12:59:30.2160710+05:30,588,,1,-45.5,902.75,SpeedwayR-12-A2-33,2.824781622,,670
2025-02-23T12:59:30.2520840+05:30,588,,1,-45.5,902.75,SpeedwayR-12-A2-33,2.769558313,,671
2025-02-23T12:59:30.2551980+05:30,588,,1,-46,902.75,SpeedwayR-12-A2-33,2.769558313,,672
2025-02-23T12:59:30.2973200+05:30,588,,1,-44.5,902.75,SpeedwayR-12-A2-33,8.974355148,,673
2025-02-23T12:59:30.3000730+05:30,588,,1,-44.5,902.75,SpeedwayR-12-A2-33,8.949811455,,674
2025-02-23T12:59:30.3357220+05:30,588,,1,-44.5,902.75,SpeedwayR-12-A2-33,8.943675532,,675
2025-02-23T12:59:30.3415390+05:30,588,,1,-44.5,902.75,SpeedwayR-12-A2-33,8.931403686,,676
2025-02-23T12:59:30.3766960+05:30,588,,1,-45,902.75,SpeedwayR-12-A2-33,8.912995916,,677
2025-02-23T12:59:30.3783700+05:30,588,,1,-44.5,902.75,SpeedwayR-12-A2-33,8.906859993,,678
2025-02-23T12:59:30.4137630+05:30,588,,1,-45,902.75,SpeedwayR-12-A2-33,8.919131839,,679
2025-02-23T12:59:30.4187720+05:30,588,,1,-45,902.75,SpeedwayR-12-A2-33,8.8823163,,680
2025-02-23T12:59:30.4550340+05:30,588,,1,-45,902.75,SpeedwayR-12-A2-33,8.90072407,,681
2025-02-23T12:59:30.4577070+05:30,588,,1,-45,902.75,SpeedwayR-12-A2-33,8.845500761,,682
2025-02-23T12:59:30.5014430+05:30,588,,1,-43,902.75,SpeedwayR-12-A2-33,8.720842823,,683
2025-02-23T12:59:30.5065230+05:30,588,,1,-43,902.75,SpeedwayR-12-A2-33,8.720842823,,684
2025-02-23T12:59:30.5414980+05:30,588,,1,-43,902.75,SpeedwayR-12-A2-33,8.69629913,,685
2025-02-23T12:59:30.5454630+05:30,588,,1,-43,902.75,SpeedwayR-12-A2-33,8.690163207,,686
2025-02-23T12:59:30.5806210+05:30,588,,1,-43,902.75,SpeedwayR-12-A2-33,8.647211745,,687
2025-02-23T12:59:30.5844650+05:30,588,,1,-43,902.75,SpeedwayR-12-A2-33,8.665619514,,688
2025-02-23T12:59:30.6204550+05:30,588,,1,-43,902.75,SpeedwayR-12-A2-33,8.628803976,,689
2025-02-23T12:59:30.6246800+05:30,588,,1,-43,902.75,SpeedwayR-12-A2-33,8.628803976,,690
2025-02-23T12:59:30.6587920+05:30,588,,1,-43,902.75,SpeedwayR-12-A2-33,8.604260283,,691
2025-02-23T12:59:30.6642050+05:30,588,,1,-43,902.75,SpeedwayR-12-A2-33,8.59812436,,692
2025-02-23T12:59:30.7066910+05:30,588,,1,-47,902.75,SpeedwayR-12-A2-33,2.429264621,,693
2025-02-23T12:59:30.7101610+05:30,588,,1,-47,902.75,SpeedwayR-12-A2-33,2.398585005,,694
2025-02-23T12:59:30.7447140+05:30,588,,1,-47,902.75,SpeedwayR-12-A2-33,2.380177235,,695
2025-02-23T12:59:30.7491400+05:30,588,,1,-47,902.75,SpeedwayR-12-A2-33,2.423128697,,696
2025-02-23T12:59:30.7850830+05:30,588,,1,-47,902.75,SpeedwayR-12-A2-33,2.34949762,,697
2025-02-23T12:59:30.7870130+05:30,588,,1,-47,902.75,SpeedwayR-12-A2-33,2.34949762,,698
2025-02-23T12:59:30.8225460+05:30,588,,1,-47,902.75,SpeedwayR-12-A2-33,2.33108985,,699
2025-02-23T12:59:30.8271540+05:30,588,,1,-47,902.75,SpeedwayR-12-A2-33,2.312682081,,700
2025-02-23T12:59:30.8625520+05:30,588,,1,-47.5,902.75,SpeedwayR-12-A2-33,2.288138388,,701
2025-02-23T12:59:30.8673280+05:30,588,,1,-47.5,902.75,SpeedwayR-12-A2-33,2.294274311,,702
2025-02-23T12:59:30.9094890+05:30,588,,1,-47.5,902.75,SpeedwayR-12-A2-33,2.259337385,,703
2025-02-23T12:59:30.9130780+05:30,588,,1,-47.5,902.75,SpeedwayR-12-A2-33,2.240929616,,704
2025-02-23T12:59:30.9488650+05:30,588,,1,-48,902.75,SpeedwayR-12-A2-33,2.21025,,705
2025-02-23T12:59:30.9526070+05:30,588,,1,-48,902.75,SpeedwayR-12-A2-33,8.475027538,,706
2025-02-23T12:59:30.9883070+05:30,588,,1,-48,902.75,SpeedwayR-12-A2-33,8.444347922,,707
2025-02-23T12:59:30.9918020+05:30,588,,1,-48,902.75,SpeedwayR-12-A2-33,8.444347922,,708
2025-02-23T12:59:31.0253170+05:30,588,,1,-48,902.75,SpeedwayR-12-A2-33,8.444347922,,709
2025-02-23T12:59:31.0302910+05:30,588,,1,-48,902.75,SpeedwayR-12-A2-33,8.407532383,,710
2025-02-23T12:59:31.0666090+05:30,588,,1,-48,902.75,SpeedwayR-12-A2-33,8.395260537,,711
2025-02-23T12:59:31.0692090+05:30,588,,1,-48,902.75,SpeedwayR-12-A2-33,8.38298869,,712
2025-02-23T12:59:31.1122080+05:30,588,,1,-43.5,902.75,SpeedwayR-12-A2-33,8.119961576,,713
2025-02-23T12:59:31.1161190+05:30,588,,1,-43.5,902.75,SpeedwayR-12-A2-33,8.107689729,,714
2025-02-23T12:59:31.1524840+05:30,588,,1,-43.5,902.75,SpeedwayR-12-A2-33,8.040194575,,715
2025-02-23T12:59:31.1559610+05:30,588,,1,-43.5,902.75,SpeedwayR-12-A2-33,8.064738267,,716
2025-02-23T12:59:31.1919410+05:30,588,,1,-43.5,902.75,SpeedwayR-12-A2-33,8.034058652,,717
2025-02-23T12:59:31.1939030+05:30,588,,1,-43.5,902.75,SpeedwayR-12-A2-33,8.040194575,,718
2025-02-23T12:59:31.2308470+05:30,588,,1,-44,902.75,SpeedwayR-12-A2-33,8.027922728,,719
2025-02-23T12:59:31.2347490+05:30,588,,1,-44,902.75,SpeedwayR-12-A2-33,8.015650882,,720
2025-02-23T12:59:31.2710150+05:30,588,,1,-44,902.75,SpeedwayR-12-A2-33,7.984971266,,721
2025-02-23T12:59:31.2751070+05:30,588,,1,-43.5,902.75,SpeedwayR-12-A2-33,7.954291651,,722
2025-02-23T12:59:31.3159240+05:30,588,,1,-43.5,902.75,SpeedwayR-12-A2-33,7.912279495,,723
2025-02-23T12:59:31.3193900+05:30,588,,1,-43.5,902.75,SpeedwayR-12-A2-33,7.900007649,,724
2025-02-23T12:59:31.3541810+05:30,588,,1,-43.5,902.75,SpeedwayR-12-A2-33,7.869328033,,725
2025-02-23T12:59:31.3588300+05:30,588,,1,-43.5,902.75,SpeedwayR-12-A2-33,7.875463956,,726
2025-02-23T12:59:31.3955360+05:30,588,,1,-43.5,902.75,SpeedwayR-12-A2-33,7.838648417,,727
2025-02-23T12:59:31.3989890+05:30,588,,1,-43.5,902.75,SpeedwayR-12-A2-33,7.850920264,,728
2025-02-23T12:59:31.4353940+05:30,588,,1,-44,902.75,SpeedwayR-12-A2-33,7.820240648,,729
2025-02-23T12:59:31.4390670+05:30,588,,1,-44,902.75,SpeedwayR-12-A2-33,7.814104725,,730
2025-02-23T12:59:31.4733790+05:30,588,,1,-44,902.75,SpeedwayR-12-A2-33,7.752745493,,731
2025-02-23T12:59:31.4779890+05:30,588,,1,-44,902.75,SpeedwayR-12-A2-33,7.758881416,,732
2025-02-23T12:59:31.5189530+05:30,588,,1,-46,902.75,SpeedwayR-12-A2-33,7.867010198,,733
2025-02-23T12:59:31.5236670+05:30,588,,1,-46,902.75,SpeedwayR-12-A2-33,7.860874275,,734
2025-02-23T12:59:31.5594980+05:30,588,,1,-46,902.75,SpeedwayR-12-A2-33,7.842466506,,735
2025-02-23T12:59:31.5643890+05:30,588,,1,-46,902.75,SpeedwayR-12-A2-33,7.830194659,,736
2025-02-23T12:59:31.6007390+05:30,588,,1,-46,902.75,SpeedwayR-12-A2-33,7.830194659,,737
2025-02-23T12:59:31.6049360+05:30,588,,1,-46,902.75,SpeedwayR-12-A2-33,7.793379121,,738
2025-02-23T12:59:31.6410720+05:30,588,,1,-46.5,902.75,SpeedwayR-12-A2-33,7.781107274,,739
2025-02-23T12:59:31.6440200+05:30,588,,1,-46.5,902.75,SpeedwayR-12-A2-33,7.744291735,,740
2025-02-23T12:59:31.6799920+05:30,588,,1,-46.5,902.75,SpeedwayR-12-A2-33,7.725883966,,741
2025-02-23T12:59:31.6836250+05:30,588,,1,-46.5,902.75,SpeedwayR-12-A2-33,7.725883966,,742
2025-02-23T12:59:31.7259220+05:30,588,,1,-48.5,902.75,SpeedwayR-12-A2-33,7.717430208,,743
2025-02-23T12:59:31.7303650+05:30,588,,1,-48.5,902.75,SpeedwayR-12-A2-33,7.723566131,,744
2025-02-23T12:59:31.7637940+05:30,588,,1,-48.5,902.75,SpeedwayR-12-A2-33,7.699022439,,745
2025-02-23T12:59:31.7688050+05:30,588,,1,-48.5,902.75,SpeedwayR-12-A2-33,7.705158362,,746
2025-02-23T12:59:31.8044170+05:30,588,,1,-48.5,902.75,SpeedwayR-12-A2-33,7.637663207,,747
2025-02-23T12:59:31.8079370+05:30,588,,1,-48.5,902.75,SpeedwayR-12-A2-33,7.64379913,,748
2025-02-23T12:59:31.8433360+05:30,588,,1,-49,902.75,SpeedwayR-12-A2-33,7.606983591,,749
2025-02-23T12:59:31.8473150+05:30,588,,1,-48.5,902.75,SpeedwayR-12-A2-33,7.594711745,,750
2025-02-23T12:59:31.8814490+05:30,588,,1,-49,902.75,SpeedwayR-12-A2-33,7.564032129,,751
2025-02-23T12:59:31.8863380+05:30,588,,1,-49,902.75,SpeedwayR-12-A2-33,7.557896206,,752
2025-02-23T12:59:31.9280620+05:30,588,,1,-48,902.75,SpeedwayR-12-A2-33,7.490840273,,753
2025-02-23T12:59:31.9314300+05:30,588,,1,-48,902.75,SpeedwayR-12-A2-33,7.478568427,,754
2025-02-23T12:59:31.9688990+05:30,588,,1,-48,902.75,SpeedwayR-12-A2-33,7.441752888,,755
2025-02-23T12:59:31.9723810+05:30,588,,1,-48,902.75,SpeedwayR-12-A2-33,7.435616965,,756
2025-02-23T12:59:32.0079340+05:30,588,,1,-48.5,902.75,SpeedwayR-12-A2-33,7.404937349,,757
2025-02-23T12:59:32.0114010+05:30,588,,1,-48,902.75,SpeedwayR-12-A2-33,7.38652958,,758
2025-02-23T12:59:32.0471090+05:30,588,,1,-48.5,902.75,SpeedwayR-12-A2-33,7.306762579,,759
2025-02-23T12:59:32.0510000+05:30,588,,1,-48.5,902.75,SpeedwayR-12-A2-33,7.312898502,,760
2025-02-23T12:59:32.0855680+05:30,588,,1,-49,902.75,SpeedwayR-12-A2-33,7.288354809,,761
2025-02-23T12:59:32.0897890+05:30,588,,1,-48.5,902.75,SpeedwayR-12-A2-33,7.276082963,,762
2025-02-23T12:59:32.1323360+05:30,588,,1,-49.5,902.75,SpeedwayR-12-A2-33,7.217102429,,763
2025-02-23T12:59:32.1346540+05:30,588,,1,-49.5,902.75,SpeedwayR-12-A2-33,7.235510198,,764
2025-02-23T12:59:32.1706990+05:30,588,,1,-49.5,902.75,SpeedwayR-12-A2-33,7.192558736,,765
2025-02-23T12:59:32.1736870+05:30,588,,1,-49.5,902.75,SpeedwayR-12-A2-33,7.198694659,,766
2025-02-23T12:59:32.2110780+05:30,588,,1,-50,902.75,SpeedwayR-12-A2-33,7.125063582,,767
2025-02-23T12:59:32.2145490+05:30,588,,1,-49.5,902.75,SpeedwayR-12-A2-33,7.112791735,,768
2025-02-23T12:59:32.2495820+05:30,588,,1,-50,902.75,SpeedwayR-12-A2-33,7.075976196,,769
2025-02-23T12:59:32.2524040+05:30,588,,1,-50,902.75,SpeedwayR-12-A2-33,7.06370435,,770
2025-02-23T12:59:32.2892730+05:30,588,,1,-50,902.75,SpeedwayR-12-A2-33,6.990073272,,771
2025-02-23T12:59:32.2926230+05:30,588,,1,-50,902.75,SpeedwayR-12-A2-33,6.990073272,,772
2025-02-23T12:59:32.3343970+05:30,588,,1,-52,902.75,SpeedwayR-12-A2-33,6.901413292,,773
2025-02-23T12:59:32.3394220+05:30,588,,1,-52,902.75,SpeedwayR-12-A2-33,6.919821061,,774
2025-02-23T12:59:32.3745310+05:30,588,,1,-52,902.75,SpeedwayR-12-A2-33,6.870733676,,775
2025-02-23T12:59:32.3791120+05:30,588,,1,-52,902.75,SpeedwayR-12-A2-33,6.852325906,,776
2025-02-23T12:59:32.4144800+05:30,588,,1,-51.5,902.75,SpeedwayR-12-A2-33,6.600753057,,777
2025-02-23T12:59:32.4186530+05:30,588,,1,-52,902.75,SpeedwayR-12-A2-33,6.784830752,,778
2025-02-23T12:59:32.4519460+05:30,588,,1,-52.5,902.75,SpeedwayR-12-A2-33,6.766422982,,779
2025-02-23T12:59:32.4570760+05:30,588,,1,-52,902.75,SpeedwayR-12-A2-33,6.478034594,,780
2025-02-23T12:59:32.4919730+05:30,588,,1,-52.5,902.75,SpeedwayR-12-A2-33,6.717335597,,781
2025-02-23T12:59:32.4952240+05:30,588,,1,-52.5,902.75,SpeedwayR-12-A2-33,6.680520058,,782
2025-02-23T12:59:32.5375280+05:30,588,,1,-52.5,902.75,SpeedwayR-12-A2-33,6.672505522,,783
2025-02-23T12:59:32.5418010+05:30,588,,1,-52.5,902.75,SpeedwayR-12-A2-33,6.635689983,,784
2025-02-23T12:59:32.5766600+05:30,588,,1,-53,902.75,SpeedwayR-12-A2-33,6.580466675,,785
2025-02-23T12:59:32.5818320+05:30,588,,1,-53,902.75,SpeedwayR-12-A2-33,6.592738521,,786
2025-02-23T12:59:32.6157970+05:30,588,,1,-53,902.75,SpeedwayR-12-A2-33,6.519107443,,787
2025-02-23T12:59:32.6205850+05:30,588,,1,-53,902.75,SpeedwayR-12-A2-33,6.519107443,,788
2025-02-23T12:59:32.6555660+05:30,588,,1,-53,902.75,SpeedwayR-12-A2-33,6.488427828,,789
2025-02-23T12:59:32.6594270+05:30,588,,1,-53,902.75,SpeedwayR-12-A2-33,6.457748212,,790
2025-02-23T12:59:32.6944850+05:30,588,,1,-53,902.75,SpeedwayR-12-A2-33,6.433204519,,791
2025-02-23T12:59:32.6985430+05:30,588,,1,-53,902.75,SpeedwayR-12-A2-33,6.390253057,,792
2025-02-23T12:59:32.7415890+05:30,588,,1,-50.5,902.75,SpeedwayR-12-A2-33,6.347679954,,793
2025-02-23T12:59:32.7433900+05:30,588,,1,-50.5,902.75,SpeedwayR-12-A2-33,6.304728492,,794
2025-02-23T12:59:32.7786670+05:30,588,,1,-50.5,902.75,SpeedwayR-12-A2-33,6.292456646,,795
2025-02-23T12:59:32.7839220+05:30,588,,1,-50.5,902.75,SpeedwayR-12-A2-33,6.267912953,,796
2025-02-23T12:59:32.8199240+05:30,588,,1,-51,902.75,SpeedwayR-12-A2-33,6.237233337,,797
2025-02-23T12:59:32.8231170+05:30,588,,1,-51,902.75,SpeedwayR-12-A2-33,6.237233337,,798
2025-02-23T12:59:32.8582530+05:30,588,,1,-50.5,902.75,SpeedwayR-12-A2-33,6.212689645,,799
2025-02-23T12:59:32.8626360+05:30,588,,1,-51,902.75,SpeedwayR-12-A2-33,6.182010029,,800
2025-02-23T12:59:32.8966020+05:30,588,,1,-51,902.75,SpeedwayR-12-A2-33,6.14519449,,801
2025-02-23T12:59:32.9005370+05:30,588,,1,-51.5,902.75,SpeedwayR-12-A2-33,6.14519449,,802
2025-02-23T12:59:32.9437640+05:30,588,,1,-55.5,902.75,SpeedwayR-12-A2-33,6.111379459,,803
2025-02-23T12:59:32.9472580+05:30,588,,1,-55.5,902.75,SpeedwayR-12-A2-33,6.080699843,,804
2025-02-23T12:59:32.9821450+05:30,588,,1,-55.5,902.75,SpeedwayR-12-A2-33,6.037748381,,805
2025-02-23T12:59:32.9853720+05:30,588,,1,-55.5,902.75,SpeedwayR-12-A2-33,6.043884304,,806
2025-02-23T12:59:33.0227860+05:30,588,,1,-55.5,902.75,SpeedwayR-12-A2-33,6.043884304,,807
2025-02-23T12:59:33.0250820+05:30,588,,1,-55.5,902.75,SpeedwayR-12-A2-33,6.037748381,,808
2025-02-23T12:59:33.0621910+05:30,588,,1,-55.5,902.75,SpeedwayR-12-A2-33,6.007068765,,809
2025-02-23T12:59:33.0657920+05:30,588,,1,-55.5,902.75,SpeedwayR-12-A2-33,5.988660996,,810
2025-02-23T12:59:33.1015410+05:30,588,,1,-55.5,902.75,SpeedwayR-12-A2-33,5.933437688,,811
2025-02-23T12:59:33.1035670+05:30,588,,1,-55.5,902.75,SpeedwayR-12-A2-33,5.927301764,,812
2025-02-23T12:59:33.1383580+05:30,588,,1,-56,902.75,SpeedwayR-12-A2-33,5.933437688,,813
2025-02-23T12:59:33.1515640+05:30,588,,1,-55.5,902.75,SpeedwayR-12-A2-33,5.885289609,,814
2025-02-23T12:59:33.1868190+05:30,588,,1,-55.5,902.75,SpeedwayR-12-A2-33,5.836202224,,815
2025-02-23T12:59:33.1891260+05:30,588,,1,-55.5,902.75,SpeedwayR-12-A2-33,5.84847407,,816
2025-02-23T12:59:33.2246720+05:30,588,,1,-55.5,902.75,SpeedwayR-12-A2-33,5.799386685,,817
2025-02-23T12:59:33.2289320+05:30,588,,1,-55.5,902.75,SpeedwayR-12-A2-33,5.799386685,,818
2025-02-23T12:59:33.2656350+05:30,588,,1,-56,902.75,SpeedwayR-12-A2-33,5.725755607,,819
2025-02-23T12:59:33.2694740+05:30,588,,1,-56,902.75,SpeedwayR-12-A2-33,5.719619684,,820
2025-02-23T12:59:33.3049210+05:30,588,,1,-56,902.75,SpeedwayR-12-A2-33,5.707347837,,821
2025-02-23T12:59:33.3093780+05:30,588,,1,-56,902.75,SpeedwayR-12-A2-33,5.670532298,,822
2025-02-23T12:59:33.3521420+05:30,588,,1,-50.5,902.75,SpeedwayR-12-A2-33,5.546191856,,823
2025-02-23T12:59:33.3554870+05:30,588,,1,-49.5,902.75,SpeedwayR-12-A2-33,5.521648163,,824
2025-02-23T12:59:33.3902040+05:30,588,,1,-50.5,902.75,SpeedwayR-12-A2-33,5.521648163,,825
2025-02-23T12:59:33.3953450+05:30,588,,1,-50.5,902.75,SpeedwayR-12-A2-33,5.51551224,,826
2025-02-23T12:59:33.4310100+05:30,588,,1,-50.5,902.75,SpeedwayR-12-A2-33,5.435745239,,827
2025-02-23T12:59:33.4335630+05:30,588,,1,-50.5,902.75,SpeedwayR-12-A2-33,5.435745239,,828
2025-02-23T12:59:33.4704650+05:30,588,,1,-50.5,902.75,SpeedwayR-12-A2-33,5.3989297,,829
2025-02-23T12:59:33.4728940+05:30,588,,1,-50.5,902.75,SpeedwayR-12-A2-33,5.386657854,,830
2025-02-23T12:59:33.5100860+05:30,588,,1,-50.5,902.75,SpeedwayR-12-A2-33,5.343706392,,831
2025-02-23T12:59:33.5128130+05:30,588,,1,-50.5,902.75,SpeedwayR-12-A2-33,5.331434546,,832
2025-02-23T12:59:33.5550070+05:30,588,,1,-52.5,902.75,SpeedwayR-12-A2-33,5.209716252,,833
2025-02-23T12:59:33.5596310+05:30,588,,1,-52.5,902.75,SpeedwayR-12-A2-33,5.179036636,,834
2025-02-23T12:59:33.5938550+05:30,588,,1,-53,902.75,SpeedwayR-12-A2-33,5.123813328,,835
2025-02-23T12:59:33.5982690+05:30,588,,1,-53,902.75,SpeedwayR-12-A2-33,5.136085174,,836
2025-02-23T12:59:33.6349320+05:30,588,,1,-53,902.75,SpeedwayR-12-A2-33,5.093133712,,837
2025-02-23T12:59:33.6377120+05:30,588,,1,-53,902.75,SpeedwayR-12-A2-33,5.062454096,,838
2025-02-23T12:59:33.6738790+05:30,588,,1,-53.5,902.75,SpeedwayR-12-A2-33,5.056318173,,839
2025-02-23T12:59:33.6773500+05:30,588,,1,-53,902.75,SpeedwayR-12-A2-33,5.044046327,,840
2025-02-23T12:59:33.7120670+05:30,588,,1,-53,902.75,SpeedwayR-12-A2-33,4.982687095,,841
2025-02-23T12:59:33.7156460+05:30,588,,1,-53.5,902.75,SpeedwayR-12-A2-33,5.007230788,,842
2025-02-23T12:59:33.7511930+05:30,588,,1,-56.5,902.75,SpeedwayR-12-A2-33,5.122056441,,843
2025-02-23T12:59:33.7560520+05:30,588,,1,-56.5,902.75,SpeedwayR-12-A2-33,5.097512748,,844
2025-02-23T12:59:33.7906810+05:30,588,,1,-57,902.75,SpeedwayR-12-A2-33,5.250910827,,845
2025-02-23T12:59:33.7938960+05:30,588,,1,-56.5,902.75,SpeedwayR-12-A2-33,5.054561286,,846
2025-02-23T12:59:33.8303280+05:30,588,,1,-57,902.75,SpeedwayR-12-A2-33,4.999337977,,847
2025-02-23T12:59:33.8343240+05:30,588,,1,-56,902.75,SpeedwayR-12-A2-33,5.122056441,,848
2025-02-23T12:59:33.8695240+05:30,588,,1,-57,902.75,SpeedwayR-12-A2-33,4.968658362,,849
2025-02-23T12:59:33.8731500+05:30,588,,1,-57,902.75,SpeedwayR-12-A2-33,4.919570977,,850
2025-02-23T12:59:33.9089760+05:30,588,,1,-57,902.75,SpeedwayR-12-A2-33,4.9257069,,851
2025-02-23T12:59:33.9119960+05:30,588,,1,-57,902.75,SpeedwayR-12-A2-33,4.901163207,,852
2025-02-23T12:59:33.9538010+05:30,588,,1,-53.5,902.75,SpeedwayR-12-A2-33,4.668815708,,853
2025-02-23T12:59:33.9578200+05:30,588,,1,-53.5,902.75,SpeedwayR-12-A2-33,4.650407939,,854
2025-02-23T12:59:33.9934570+05:30,588,,1,-53.5,902.75,SpeedwayR-12-A2-33,4.601320553,,855
2025-02-23T12:59:33.9969190+05:30,588,,1,-53.5,902.75,SpeedwayR-12-A2-33,4.607456477,,856
2025-02-23T12:59:34.0315250+05:30,588,,1,-53.5,902.75,SpeedwayR-12-A2-33,4.59518463,,857
2025-02-23T12:59:34.0354980+05:30,588,,1,-53.5,902.75,SpeedwayR-12-A2-33,4.564505015,,858
2025-02-23T12:59:34.0715120+05:30,588,,1,-54,902.75,SpeedwayR-12-A2-33,4.484738014,,859
2025-02-23T12:59:34.0751240+05:30,588,,1,-54,902.75,SpeedwayR-12-A2-33,4.546097245,,860
2025-02-23T12:59:34.1100400+05:30,588,,1,-54,902.75,SpeedwayR-12-A2-33,4.460194321,,861
2025-02-23T12:59:34.1141600+05:30,588,,1,-54,902.75,SpeedwayR-12-A2-33,4.441786552,,862
2025-02-23T12:59:34.1578290+05:30,588,,1,-54,902.75,SpeedwayR-12-A2-33,4.471026776,,863
2025-02-23T12:59:34.1607850+05:30,588,,1,-54,902.75,SpeedwayR-12-A2-33,4.415803468,,864
2025-02-23T12:59:34.1971990+05:30,588,,1,-54,902.75,SpeedwayR-12-A2-33,4.372852006,,865
2025-02-23T12:59:34.2005960+05:30,588,,1,-54,902.75,SpeedwayR-12-A2-33,4.354444236,,866
2025-02-23T12:59:34.2358900+05:30,588,,1,-54,902.75,SpeedwayR-12-A2-33,4.354444236,,867
2025-02-23T12:59:34.2388430+05:30,588,,1,-54.5,902.75,SpeedwayR-12-A2-33,4.299220928,,868
2025-02-23T12:59:34.2759880+05:30,588,,1,-54.5,902.75,SpeedwayR-12-A2-33,4.219453927,,869
2025-02-23T12:59:34.2789030+05:30,588,,1,-54.5,902.75,SpeedwayR-12-A2-33,4.250133543,,870
2025-02-23T12:59:34.3132090+05:30,588,,1,-54.5,902.75,SpeedwayR-12-A2-33,4.188774311,,871
2025-02-23T12:59:34.3185490+05:30,588,,1,-54.5,902.75,SpeedwayR-12-A2-33,4.176502465,,872
2025-02-23T12:59:34.3597580+05:30,588,,1,-57.5,902.75,SpeedwayR-12-A2-33,4.258769889,,873
2025-02-23T12:59:34.3633770+05:30,588,,1,-58,902.75,SpeedwayR-12-A2-33,4.467391276,,874
2025-02-23T12:59:34.3988820+05:30,588,,1,-57.5,902.75,SpeedwayR-12-A2-33,4.197410657,,875
2025-02-23T12:59:34.4039650+05:30,588,,1,-57.5,902.75,SpeedwayR-12-A2-33,4.019468886,,876
2025-02-23T12:59:34.4375860+05:30,588,,1,-58,902.75,SpeedwayR-12-A2-33,4.22195435,,877
2025-02-23T12:59:34.4414380+05:30,588,,1,-58,902.75,SpeedwayR-12-A2-33,4.179002888,,878
2025-02-23T12:59:34.4776750+05:30,588,,1,-58.5,902.75,SpeedwayR-12-A2-33,4.056284425,,879
2025-02-23T12:59:34.4808930+05:30,588,,1,-58,902.75,SpeedwayR-12-A2-33,4.12377958,,880
2025-02-23T12:59:34.5164340+05:30,588,,1,-58,902.75,SpeedwayR-12-A2-33,4.037876656,,881
2025-02-23T12:59:34.5219460+05:30,588,,1,-58.5,902.75,SpeedwayR-12-A2-33,3.982653347,,882
2025-02-23T12:59:34.5649930+05:30,588,,1,-56,902.75,SpeedwayR-12-A2-33,3.813104471,,883
2025-02-23T12:59:34.5670160+05:30,588,,1,-56,902.75,SpeedwayR-12-A2-33,3.837648163,,884
2025-02-23T12:59:34.6042990+05:30,588,,1,-56,902.75,SpeedwayR-12-A2-33,3.751745239,,885
2025-02-23T12:59:34.6082080+05:30,588,,1,-56,902.75,SpeedwayR-12-A2-33,3.794696701,,886
2025-02-23T12:59:34.6442400+05:30,588,,1,-56,902.75,SpeedwayR-12-A2-33,3.678114161,,887
2025-02-23T12:59:34.6467610+05:30,588,,1,-56,902.75,SpeedwayR-12-A2-33,3.629026776,,888
2025-02-23T12:59:34.6833780+05:30,588,,1,-56,902.75,SpeedwayR-12-A2-33,3.635162699,,889
2025-02-23T12:59:34.6885440+05:30,588,,1,-56,902.75,SpeedwayR-12-A2-33,3.610619007,,890
2025-02-23T12:59:34.7217510+05:30,588,,1,-56,902.75,SpeedwayR-12-A2-33,3.592211237,,891
2025-02-23T12:59:34.7273600+05:30,588,,1,-56,902.75,SpeedwayR-12-A2-33,3.567667545,,892
2025-02-23T12:59:34.7680490+05:30,588,,1,-55,902.75,SpeedwayR-12-A2-33,9.860685138,,893
2025-02-23T12:59:34.7714310+05:30,588,,1,-54.5,902.75,SpeedwayR-12-A2-33,9.854549215,,894
2025-02-23T12:59:34.8077460+05:30,588,,1,-55,902.75,SpeedwayR-12-A2-33,9.799325906,,895
2025-02-23T12:59:34.8124280+05:30,588,,1,-54.5,902.75,SpeedwayR-12-A2-33,9.830005522,,896
2025-02-23T12:59:34.8478170+05:30,588,,1,-55.5,902.75,SpeedwayR-12-A2-33,9.750238521,,897
2025-02-23T12:59:34.8513200+05:30,588,,1,-55.5,902.75,SpeedwayR-12-A2-33,9.725694829,,898
2025-02-23T12:59:34.8869670+05:30,588,,1,-55.5,902.75,SpeedwayR-12-A2-33,9.639791905,,899
2025-02-23T12:59:34.8908440+05:30,588,,1,-55.5,902.75,SpeedwayR-12-A2-33,9.627520058,,900
2025-02-23T12:59:34.9267090+05:30,588,,1,-56,902.75,SpeedwayR-12-A2-33,9.560024904,,901
2025-02-23T12:59:34.9302840+05:30,588,,1,-56,902.75,SpeedwayR-12-A2-33,9.566160827,,902
2025-02-23T12:59:34.9704040+05:30,588,,1,-56,902.75,SpeedwayR-12-A2-33,9.4826366,,903
2025-02-23T12:59:34.9763110+05:30,588,,1,-56.5,902.75,SpeedwayR-12-A2-33,9.4826366,,904
2025-02-23T12:59:35.0100680+05:30,588,,1,-55.5,902.75,SpeedwayR-12-A2-33,9.433549215,,905
2025-02-23T12:59:35.0145570+05:30,588,,1,-56.5,902.75,SpeedwayR-12-A2-33,9.415141445,,906
2025-02-23T12:59:35.0508180+05:30,588,,1,-57,902.75,SpeedwayR-12-A2-33,9.323102598,,907
2025-02-23T12:59:35.0544470+05:30,588,,1,-56.5,902.75,SpeedwayR-12-A2-33,9.298558905,,908
2025-02-23T12:59:35.0901670+05:30,588,,1,-57,902.75,SpeedwayR-12-A2-33,9.200384135,,909
2025-02-23T12:59:35.0925170+05:30,588,,1,-57,902.75,SpeedwayR-12-A2-33,9.15129675,,910
2025-02-23T12:59:35.1287630+05:30,588,,1,-57,902.75,SpeedwayR-12-A2-33,9.145160827,,911
2025-02-23T12:59:35.1333730+05:30,588,,1,-57.5,902.75,SpeedwayR-12-A2-33,9.194248212,,912
2025-02-23T12:59:35.1750240+05:30,588,,1,-59.5,902.75,SpeedwayR-12-A2-33,2.912624021,,913
2025-02-23T12:59:35.1783940+05:30,588,,1,-59.5,902.75,SpeedwayR-12-A2-33,2.918759944,,914
2025-02-23T12:59:35.2144430+05:30,588,,1,-59.5,902.75,SpeedwayR-12-A2-33,2.894216252,,915
2025-02-23T12:59:35.2187210+05:30,588,,1,-59.5,902.75,SpeedwayR-12-A2-33,2.85126479,,916
2025-02-23T12:59:35.2543570+05:30,588,,1,-60,902.75,SpeedwayR-12-A2-33,2.740818173,,917
2025-02-23T12:59:35.2571830+05:30,588,,1,-60,902.75,SpeedwayR-12-A2-33,2.937167714,,918
2025-02-23T12:59:35.2930930+05:30,588,,1,-60,902.75,SpeedwayR-12-A2-33,2.71627448,,919
2025-02-23T12:59:35.2972300+05:30,588,,1,-60,902.75,SpeedwayR-12-A2-33,2.710138557,,920
